CREATE DATABASE  IF NOT EXISTS `db_restaurant` /*!40100 DEFAULT CHARACTER SET utf8mb4 COLLATE utf8mb4_0900_ai_ci */ /*!80016 DEFAULT ENCRYPTION='N' */;
USE `db_restaurant`;
-- MySQL dump 10.13  Distrib 8.0.31, for macos12 (x86_64)
--
-- Host: 127.0.0.1    Database: db_restaurant
-- ------------------------------------------------------
-- Server version	8.0.32

/*!40101 SET @OLD_CHARACTER_SET_CLIENT=@@CHARACTER_SET_CLIENT */;
/*!40101 SET @OLD_CHARACTER_SET_RESULTS=@@CHARACTER_SET_RESULTS */;
/*!40101 SET @OLD_COLLATION_CONNECTION=@@COLLATION_CONNECTION */;
/*!50503 SET NAMES utf8 */;
/*!40103 SET @OLD_TIME_ZONE=@@TIME_ZONE */;
/*!40103 SET TIME_ZONE='+00:00' */;
/*!40014 SET @OLD_UNIQUE_CHECKS=@@UNIQUE_CHECKS, UNIQUE_CHECKS=0 */;
/*!40014 SET @OLD_FOREIGN_KEY_CHECKS=@@FOREIGN_KEY_CHECKS, FOREIGN_KEY_CHECKS=0 */;
/*!40101 SET @OLD_SQL_MODE=@@SQL_MODE, SQL_MODE='NO_AUTO_VALUE_ON_ZERO' */;
/*!40111 SET @OLD_SQL_NOTES=@@SQL_NOTES, SQL_NOTES=0 */;

--
-- Table structure for table `certification`
--

DROP TABLE IF EXISTS `certification`;
/*!40101 SET @saved_cs_client     = @@character_set_client */;
/*!50503 SET character_set_client = utf8mb4 */;
CREATE TABLE `certification` (
  `certificationId` int NOT NULL AUTO_INCREMENT,
  `name` varchar(100) DEFAULT NULL,
  PRIMARY KEY (`certificationId`)
) ENGINE=InnoDB AUTO_INCREMENT=6 DEFAULT CHARSET=utf8mb4 COLLATE=utf8mb4_0900_ai_ci;
/*!40101 SET character_set_client = @saved_cs_client */;

--
-- Dumping data for table `certification`
--

LOCK TABLES `certification` WRITE;
/*!40000 ALTER TABLE `certification` DISABLE KEYS */;
INSERT INTO `certification` VALUES (1,'Brazilian'),(2,'Mexican'),(3,'Iranian'),(4,'Nepalese'),(5,'Indian');
/*!40000 ALTER TABLE `certification` ENABLE KEYS */;
UNLOCK TABLES;

--
-- Table structure for table `certification_chef`
--

DROP TABLE IF EXISTS `certification_chef`;
/*!40101 SET @saved_cs_client     = @@character_set_client */;
/*!50503 SET character_set_client = utf8mb4 */;
CREATE TABLE `certification_chef` (
  `chefId` int NOT NULL,
  `certificationId` int NOT NULL,
  KEY `chefId` (`chefId`),
  KEY `certificationId` (`certificationId`),
  CONSTRAINT `certification_chef_ibfk_1` FOREIGN KEY (`chefId`) REFERENCES `chef` (`chefId`),
  CONSTRAINT `certification_chef_ibfk_2` FOREIGN KEY (`certificationId`) REFERENCES `certification` (`certificationId`)
) ENGINE=InnoDB DEFAULT CHARSET=utf8mb4 COLLATE=utf8mb4_0900_ai_ci;
/*!40101 SET character_set_client = @saved_cs_client */;

--
-- Dumping data for table `certification_chef`
--

LOCK TABLES `certification_chef` WRITE;
/*!40000 ALTER TABLE `certification_chef` DISABLE KEYS */;
INSERT INTO `certification_chef` VALUES (29,1),(29,2),(30,3),(30,4),(31,5);
/*!40000 ALTER TABLE `certification_chef` ENABLE KEYS */;
UNLOCK TABLES;

--
-- Table structure for table `chef`
--

DROP TABLE IF EXISTS `chef`;
/*!40101 SET @saved_cs_client     = @@character_set_client */;
/*!50503 SET character_set_client = utf8mb4 */;
CREATE TABLE `chef` (
  `chefId` int NOT NULL,
  `expertise` varchar(60) NOT NULL,
  PRIMARY KEY (`chefId`),
  CONSTRAINT `chef_ibfk_1` FOREIGN KEY (`chefId`) REFERENCES `employee` (`employeeId`)
) ENGINE=InnoDB DEFAULT CHARSET=utf8mb4 COLLATE=utf8mb4_0900_ai_ci;
/*!40101 SET character_set_client = @saved_cs_client */;

--
-- Dumping data for table `chef`
--

LOCK TABLES `chef` WRITE;
/*!40000 ALTER TABLE `chef` DISABLE KEYS */;
INSERT INTO `chef` VALUES (29,'Brazilian'),(30,'Mexican'),(31,'Iranian');
/*!40000 ALTER TABLE `chef` ENABLE KEYS */;
UNLOCK TABLES;

--
-- Table structure for table `customer`
--

DROP TABLE IF EXISTS `customer`;
/*!40101 SET @saved_cs_client     = @@character_set_client */;
/*!50503 SET character_set_client = utf8mb4 */;
CREATE TABLE `customer` (
  `customerId` int NOT NULL,
  `phoneNumber` varchar(21) NOT NULL,
  PRIMARY KEY (`customerId`),
  CONSTRAINT `customer_ibfk_1` FOREIGN KEY (`customerId`) REFERENCES `person` (`personId`)
) ENGINE=InnoDB DEFAULT CHARSET=utf8mb4 COLLATE=utf8mb4_0900_ai_ci;
/*!40101 SET character_set_client = @saved_cs_client */;

--
-- Dumping data for table `customer`
--

LOCK TABLES `customer` WRITE;
/*!40000 ALTER TABLE `customer` DISABLE KEYS */;
INSERT INTO `customer` VALUES (1,'311-377-1589'),(2,'097-352-9602'),(3,'553-122-3206'),(4,'539-176-4940'),(5,'961-257-8629'),(6,'024-723-3028'),(7,'414-288-9807'),(8,'360-849-1049'),(9,'384-651-9809'),(10,'486-285-8865'),(11,'134-040-7303'),(12,'270-128-2476'),(13,'824-101-3511'),(14,'446-040-6598'),(15,'744-071-9113'),(16,'586-376-6107'),(17,'269-386-0922'),(18,'668-641-3961'),(19,'376-169-5627'),(20,'745-342-3731'),(21,'738-335-2265'),(22,'301-443-5837'),(23,'076-426-0479'),(24,'192-743-3367'),(25,'767-342-9869'),(26,'459-233-9422'),(27,'832-226-9480'),(28,'336-195-8587');
/*!40000 ALTER TABLE `customer` ENABLE KEYS */;
UNLOCK TABLES;

--
-- Table structure for table `dining_order`
--

DROP TABLE IF EXISTS `dining_order`;
/*!40101 SET @saved_cs_client     = @@character_set_client */;
/*!50503 SET character_set_client = utf8mb4 */;
CREATE TABLE `dining_order` (
  `orderId` int NOT NULL AUTO_INCREMENT,
  `waiterId` int NOT NULL,
  `sessionId` int NOT NULL,
  `timeOrdered` datetime NOT NULL,
  PRIMARY KEY (`orderId`),
  KEY `waiterId` (`waiterId`),
  CONSTRAINT `dining_order_ibfk_1` FOREIGN KEY (`waiterId`) REFERENCES `waiter` (`waiterId`)
) ENGINE=InnoDB AUTO_INCREMENT=813 DEFAULT CHARSET=utf8mb4 COLLATE=utf8mb4_0900_ai_ci;
/*!40101 SET character_set_client = @saved_cs_client */;

--
-- Dumping data for table `dining_order`
--

LOCK TABLES `dining_order` WRITE;
/*!40000 ALTER TABLE `dining_order` DISABLE KEYS */;
INSERT INTO `dining_order` VALUES (1,35,1,'2023-04-14 13:21:38'),(2,40,2,'2023-04-26 12:47:07'),(3,36,3,'2023-04-09 09:09:34'),(4,34,4,'2023-04-06 21:04:50'),(5,35,5,'2023-04-04 16:46:33'),(6,32,6,'2023-04-23 11:56:53'),(7,32,7,'2023-04-25 06:53:15'),(8,36,8,'2023-04-03 15:14:53'),(9,34,9,'2023-04-17 09:55:45'),(10,38,10,'2023-04-09 03:03:44'),(11,40,11,'2023-04-15 17:03:38'),(12,39,12,'2023-04-04 01:54:32'),(13,36,13,'2023-04-27 08:45:50'),(14,37,14,'2023-04-03 14:35:54'),(15,40,15,'2023-04-24 15:41:57'),(16,36,16,'2023-04-28 20:55:34'),(17,40,17,'2023-04-14 23:38:17'),(18,35,18,'2023-04-09 11:48:19'),(19,37,19,'2023-04-18 09:28:25'),(20,37,20,'2023-04-28 19:17:59'),(21,40,21,'2023-04-21 19:31:12'),(22,37,22,'2023-04-02 12:18:27'),(23,34,23,'2023-04-27 19:08:21'),(24,38,24,'2023-04-25 05:38:02'),(25,33,25,'2023-04-23 22:51:36'),(26,40,26,'2023-04-24 17:19:04'),(27,34,27,'2023-04-01 19:10:57'),(28,33,28,'2023-04-11 00:26:59'),(29,40,29,'2023-04-20 22:06:39'),(30,35,30,'2023-04-25 07:46:31'),(31,40,31,'2023-04-16 02:07:11'),(32,40,32,'2023-04-09 15:27:01'),(33,35,33,'2023-04-14 22:25:48'),(34,34,34,'2023-04-03 18:04:48'),(35,33,35,'2023-04-11 09:50:43'),(36,34,36,'2023-04-29 03:45:39'),(37,34,37,'2023-04-17 12:39:55'),(38,35,38,'2023-04-04 19:19:54'),(39,35,39,'2023-04-27 06:17:08'),(40,40,40,'2023-04-02 06:05:31'),(41,38,41,'2023-04-27 22:45:55'),(42,37,42,'2023-04-07 08:38:12'),(43,40,43,'2023-04-29 05:04:49'),(44,33,44,'2023-04-05 06:40:47'),(45,32,45,'2023-04-10 03:28:57'),(46,35,46,'2023-04-29 10:13:33'),(47,36,47,'2023-04-03 01:25:04'),(48,34,48,'2023-04-10 19:42:03'),(49,38,49,'2023-04-26 02:01:51'),(50,34,50,'2023-04-29 19:47:00'),(51,39,51,'2023-04-11 12:56:29'),(52,37,52,'2023-04-26 13:14:41'),(53,40,53,'2023-04-07 09:06:36'),(54,32,54,'2023-04-04 00:24:16'),(55,33,55,'2023-04-09 20:40:02'),(56,32,56,'2023-04-03 09:10:38'),(57,37,57,'2023-04-06 01:50:41'),(58,32,58,'2023-04-14 17:48:30'),(59,39,59,'2023-04-25 11:06:43'),(60,34,60,'2023-04-27 02:33:40'),(61,33,61,'2023-04-28 16:27:54'),(62,36,62,'2023-04-19 14:15:40'),(63,36,63,'2023-04-24 00:13:48'),(64,33,64,'2023-04-18 06:01:21'),(65,37,65,'2023-04-15 12:19:19'),(66,34,66,'2023-04-29 19:28:09'),(67,36,67,'2023-04-09 15:04:59'),(68,34,68,'2023-04-07 23:31:01'),(69,40,69,'2023-04-05 11:26:42'),(70,35,70,'2023-04-11 09:33:52'),(71,33,71,'2023-04-13 13:47:49'),(72,40,72,'2023-04-06 18:44:45'),(73,38,73,'2023-04-10 08:03:43'),(74,39,74,'2023-04-05 11:28:38'),(75,35,75,'2023-04-05 16:12:07'),(76,33,76,'2023-04-16 03:34:15'),(77,37,77,'2023-04-04 05:06:24'),(78,37,78,'2023-04-20 00:05:29'),(79,38,79,'2023-04-01 18:45:23'),(80,33,80,'2023-04-14 10:24:01'),(81,33,81,'2023-04-12 15:10:52'),(82,35,82,'2023-04-25 22:49:28'),(83,40,83,'2023-04-04 20:05:12'),(84,40,84,'2023-04-20 02:04:46'),(85,32,85,'2023-04-06 12:43:06'),(86,35,86,'2023-04-09 23:23:20'),(87,34,87,'2023-04-19 05:03:44'),(88,38,88,'2023-04-25 05:57:46'),(89,36,89,'2023-04-06 21:04:57'),(90,32,90,'2023-04-25 03:56:45'),(91,34,91,'2023-04-03 17:43:37'),(92,39,92,'2023-04-27 07:40:28'),(93,33,93,'2023-04-28 08:04:05'),(94,32,94,'2023-04-11 21:36:58'),(95,35,95,'2023-04-08 13:19:53'),(96,33,96,'2023-04-04 01:46:58'),(97,36,97,'2023-04-24 01:14:50'),(98,40,98,'2023-04-25 05:59:23'),(99,35,99,'2023-04-22 20:02:36'),(100,36,100,'2023-04-27 17:32:44'),(101,36,101,'2023-04-05 00:33:00'),(102,33,102,'2023-04-12 09:09:01'),(103,36,103,'2023-04-08 13:40:39'),(104,40,104,'2023-04-09 18:24:08'),(105,37,105,'2023-04-27 17:59:57'),(106,38,106,'2023-04-19 07:09:23'),(107,34,107,'2023-04-28 05:18:31'),(108,34,108,'2023-04-26 04:48:12'),(109,37,109,'2023-04-05 03:09:45'),(110,40,110,'2023-04-08 23:52:04'),(111,37,111,'2023-04-03 19:54:14'),(112,38,112,'2023-04-07 10:44:56'),(113,34,113,'2023-04-04 16:36:31'),(114,35,114,'2023-04-06 01:34:37'),(115,38,115,'2023-04-05 11:33:57'),(116,36,116,'2023-04-15 13:36:39'),(117,36,117,'2023-04-18 11:55:54'),(118,35,118,'2023-04-01 11:20:10'),(119,39,119,'2023-04-29 03:57:04'),(120,35,120,'2023-04-02 09:48:33'),(121,36,121,'2023-04-15 16:24:26'),(122,39,122,'2023-04-29 04:55:38'),(123,35,123,'2023-04-06 22:49:00'),(124,36,124,'2023-04-20 20:52:52'),(125,39,125,'2023-04-02 14:38:38'),(126,32,126,'2023-04-10 01:51:09'),(127,33,127,'2023-04-25 23:22:35'),(128,38,128,'2023-04-10 00:55:10'),(129,38,129,'2023-04-09 15:25:08'),(130,35,130,'2023-04-03 06:56:01'),(131,35,131,'2023-04-04 02:40:58'),(132,32,132,'2023-04-11 18:52:47'),(133,38,133,'2023-04-02 12:43:59'),(134,34,134,'2023-04-14 19:21:35'),(135,34,135,'2023-04-08 09:21:22'),(136,38,136,'2023-04-15 21:11:04'),(137,35,137,'2023-04-12 21:11:04'),(138,40,138,'2023-04-18 13:37:53'),(139,33,139,'2023-04-21 07:40:31'),(140,32,140,'2023-04-25 04:38:27'),(141,32,141,'2023-04-24 09:57:44'),(142,33,142,'2023-04-09 10:40:50'),(143,35,143,'2023-04-16 17:11:44'),(144,33,144,'2023-04-26 22:54:25'),(145,33,145,'2023-04-19 03:14:52'),(146,35,146,'2023-04-07 12:37:42'),(147,35,147,'2023-04-16 22:47:21'),(148,36,148,'2023-04-11 21:32:16'),(149,32,149,'2023-04-22 03:47:24'),(150,33,150,'2023-04-03 09:49:20'),(151,37,151,'2023-04-16 16:29:14'),(152,34,152,'2023-04-16 08:41:52'),(153,36,153,'2023-04-19 06:03:35'),(154,37,154,'2023-04-17 04:37:04'),(155,35,155,'2023-04-28 20:41:58'),(156,40,156,'2023-04-20 23:05:25'),(157,40,157,'2023-04-25 13:04:12'),(158,37,158,'2023-04-07 03:44:21'),(159,32,159,'2023-04-02 12:53:37'),(160,33,160,'2023-04-27 12:58:57'),(161,37,161,'2023-04-13 21:30:16'),(162,36,162,'2023-04-22 02:18:40'),(163,35,163,'2023-04-10 20:06:24'),(164,38,164,'2023-04-24 02:31:57'),(165,33,165,'2023-04-25 18:35:59'),(166,40,166,'2023-04-17 20:20:02'),(167,39,167,'2023-04-25 08:01:47'),(168,33,168,'2023-04-21 07:52:54'),(169,36,169,'2023-04-19 13:07:06'),(170,33,170,'2023-04-01 15:38:00'),(171,34,171,'2023-04-06 20:52:58'),(172,35,172,'2023-04-19 09:58:42'),(173,36,173,'2023-04-13 23:10:56'),(174,33,174,'2023-04-16 11:38:42'),(175,36,175,'2023-04-28 02:32:04'),(176,36,176,'2023-04-10 20:44:46'),(177,40,177,'2023-04-02 05:08:13'),(178,32,178,'2023-04-24 20:56:47'),(179,32,179,'2023-04-09 01:40:46'),(180,36,180,'2023-04-01 12:04:59'),(181,32,181,'2023-04-10 09:54:36'),(182,36,182,'2023-04-19 10:57:49'),(183,33,183,'2023-04-16 05:20:02'),(184,33,184,'2023-04-21 21:48:39'),(185,35,185,'2023-04-12 20:32:22'),(186,40,186,'2023-04-25 22:53:34'),(187,36,187,'2023-04-19 08:33:56'),(188,39,188,'2023-04-02 10:23:49'),(189,35,189,'2023-04-11 02:48:01'),(190,36,190,'2023-04-26 12:50:52'),(191,36,191,'2023-04-05 10:02:35'),(192,37,192,'2023-04-01 20:32:06'),(193,40,193,'2023-04-22 09:16:40'),(194,39,194,'2023-04-27 09:35:43'),(195,34,195,'2023-04-19 19:30:56'),(196,34,196,'2023-04-16 08:02:32'),(197,32,197,'2023-04-05 09:02:49'),(198,34,198,'2023-04-25 09:43:10'),(199,33,199,'2023-04-26 08:48:16'),(200,34,200,'2023-04-14 01:14:53'),(201,38,201,'2023-04-01 23:59:31'),(202,35,202,'2023-04-18 18:28:46'),(203,38,203,'2023-04-25 01:52:37'),(204,40,204,'2023-04-18 22:23:00'),(205,34,205,'2023-04-09 11:13:37'),(206,34,206,'2023-04-11 04:06:23'),(207,32,207,'2023-04-01 13:06:50'),(208,38,208,'2023-04-26 03:55:15'),(209,35,209,'2023-04-12 18:10:53'),(210,35,210,'2023-04-12 11:46:23'),(211,38,211,'2023-04-15 19:35:42'),(212,34,212,'2023-04-21 11:30:42'),(213,33,213,'2023-04-23 10:34:18'),(214,35,214,'2023-04-08 08:54:59'),(215,33,215,'2023-04-23 16:48:02'),(216,35,216,'2023-04-20 03:16:50'),(217,32,217,'2023-04-10 03:08:39'),(218,36,218,'2023-04-09 05:35:21'),(219,35,219,'2023-04-05 09:22:44'),(220,33,220,'2023-04-19 04:32:28'),(221,40,221,'2023-04-16 07:57:05'),(222,40,222,'2023-04-13 10:22:13'),(223,40,223,'2023-04-07 12:50:57'),(224,36,224,'2023-04-04 02:21:00'),(225,32,225,'2023-04-26 18:13:12'),(226,39,226,'2023-04-08 10:29:45'),(227,37,227,'2023-04-21 12:35:05'),(228,36,228,'2023-04-12 05:38:04'),(229,36,229,'2023-04-25 19:52:19'),(230,37,230,'2023-04-22 06:54:28'),(231,34,231,'2023-04-19 12:24:26'),(232,36,232,'2023-04-17 23:28:56'),(233,39,233,'2023-04-25 20:47:03'),(234,39,234,'2023-04-23 20:59:01'),(235,38,235,'2023-04-23 23:15:19'),(236,36,236,'2023-04-26 05:03:43'),(237,39,237,'2023-04-08 20:31:45'),(238,32,238,'2023-04-28 20:27:10'),(239,36,239,'2023-04-15 01:44:20'),(240,33,240,'2023-04-24 21:17:12'),(241,36,241,'2023-04-04 03:32:15'),(242,35,242,'2023-04-12 13:20:36'),(243,38,243,'2023-04-13 03:00:33'),(244,35,244,'2023-04-25 09:17:21'),(245,33,245,'2023-04-22 07:09:06'),(246,40,246,'2023-04-26 15:15:33'),(247,40,247,'2023-04-13 15:03:38'),(248,39,248,'2023-04-06 06:58:16'),(249,37,249,'2023-04-24 12:05:09'),(250,39,250,'2023-04-25 23:17:55'),(251,36,251,'2023-04-16 09:43:49'),(252,37,252,'2023-04-23 11:08:56'),(253,36,253,'2023-04-25 11:12:20'),(254,40,254,'2023-04-14 09:15:12'),(255,33,255,'2023-04-08 22:28:09'),(256,38,256,'2023-04-07 01:20:13'),(257,33,257,'2023-04-23 18:17:42'),(258,38,258,'2023-04-16 21:13:32'),(259,32,259,'2023-04-27 06:04:36'),(260,34,260,'2023-04-25 19:57:12'),(261,38,261,'2023-04-13 15:48:54'),(262,36,262,'2023-04-27 23:47:18'),(263,32,263,'2023-04-26 10:14:42'),(264,34,264,'2023-04-12 10:13:39'),(265,40,265,'2023-04-01 06:29:50'),(266,35,266,'2023-04-08 02:49:54'),(267,38,267,'2023-04-03 08:54:16'),(268,35,268,'2023-04-13 11:41:58'),(269,32,269,'2023-04-03 23:47:54'),(270,37,270,'2023-04-18 12:15:25'),(271,32,271,'2023-04-22 04:32:38'),(272,37,272,'2023-04-21 08:09:32'),(273,32,273,'2023-04-21 23:38:58'),(274,36,274,'2023-04-26 19:46:39'),(275,40,275,'2023-04-19 15:28:17'),(276,39,276,'2023-04-10 14:24:54'),(277,37,277,'2023-04-19 02:54:36'),(278,33,278,'2023-04-03 20:35:13'),(279,35,279,'2023-04-12 03:57:06'),(280,33,280,'2023-04-22 15:16:13'),(281,35,281,'2023-04-29 16:48:34'),(282,33,282,'2023-04-19 06:44:09'),(283,33,283,'2023-04-13 22:14:46'),(284,35,284,'2023-04-20 18:21:40'),(285,37,285,'2023-04-13 19:38:15'),(286,36,286,'2023-04-02 23:36:43'),(287,32,287,'2023-04-12 00:41:46'),(288,38,288,'2023-04-12 10:08:32'),(289,33,289,'2023-04-22 08:12:42'),(290,33,290,'2023-04-18 02:48:15'),(291,34,291,'2023-04-18 19:52:44'),(292,40,292,'2023-04-11 19:24:36'),(293,37,293,'2023-04-11 23:04:18'),(294,40,294,'2023-04-27 13:43:28'),(295,33,295,'2023-04-03 05:13:35'),(296,34,296,'2023-04-10 23:04:17'),(297,35,297,'2023-04-15 14:17:58'),(298,32,298,'2023-04-23 23:54:58'),(299,39,299,'2023-04-28 03:04:09'),(300,34,300,'2023-04-28 21:13:14'),(301,39,301,'2023-04-07 05:05:14'),(302,37,302,'2023-04-07 07:43:36'),(303,34,303,'2023-04-13 17:58:26'),(304,39,304,'2023-04-20 19:19:41'),(305,33,305,'2023-04-23 19:52:17'),(306,39,306,'2023-04-02 21:26:33'),(307,35,307,'2023-04-17 15:03:36'),(308,34,308,'2023-04-18 12:50:34'),(309,38,309,'2023-04-23 04:43:30'),(310,38,310,'2023-04-25 02:15:37'),(311,33,311,'2023-04-07 09:25:55'),(312,35,312,'2023-04-26 07:14:04'),(313,32,313,'2023-04-19 10:13:38'),(314,35,314,'2023-04-23 19:52:39'),(315,32,315,'2023-04-24 16:26:23'),(316,37,316,'2023-04-03 13:52:48'),(317,35,317,'2023-04-14 00:57:36'),(318,40,318,'2023-04-04 08:03:35'),(319,37,319,'2023-04-02 20:49:16'),(320,33,320,'2023-04-04 23:10:14'),(321,34,321,'2023-04-17 23:56:39'),(322,37,322,'2023-04-13 13:21:36'),(323,34,323,'2023-04-22 22:08:09'),(324,39,324,'2023-04-04 03:43:50'),(325,38,325,'2023-04-03 00:34:08'),(326,37,326,'2023-04-14 14:47:35'),(327,36,327,'2023-04-26 14:29:02'),(328,39,328,'2023-04-20 08:59:54'),(329,38,329,'2023-04-27 00:02:45'),(330,39,330,'2023-04-27 00:47:10'),(331,36,331,'2023-04-25 16:24:17'),(332,32,332,'2023-04-26 12:59:23'),(333,32,333,'2023-04-20 00:35:23'),(334,40,334,'2023-04-12 23:56:02'),(335,39,335,'2023-04-28 21:54:51'),(336,35,336,'2023-04-18 12:20:09'),(337,35,337,'2023-04-14 10:25:34'),(338,37,338,'2023-04-15 15:01:03'),(339,40,339,'2023-04-02 18:49:57'),(340,39,340,'2023-04-16 12:23:07'),(341,39,341,'2023-04-28 21:43:18'),(342,32,342,'2023-04-15 13:45:14'),(343,34,343,'2023-04-06 14:07:29'),(344,33,344,'2023-04-13 18:24:15'),(345,39,345,'2023-04-22 21:36:39'),(346,40,346,'2023-04-18 11:25:32'),(347,37,347,'2023-04-02 22:17:03'),(348,36,348,'2023-04-09 12:46:21'),(349,32,349,'2023-04-13 23:56:15'),(350,34,350,'2023-04-21 08:59:32'),(351,37,351,'2023-04-01 16:00:29'),(352,37,352,'2023-04-23 04:57:41'),(353,38,353,'2023-04-10 23:43:29'),(354,36,354,'2023-04-02 01:57:19'),(355,37,355,'2023-04-17 00:19:53'),(356,38,356,'2023-04-18 07:31:00'),(357,38,357,'2023-04-22 00:35:04'),(358,37,358,'2023-04-25 15:13:36'),(359,37,359,'2023-04-28 10:53:59'),(360,40,360,'2023-04-22 10:41:17'),(361,34,361,'2023-04-18 21:19:34'),(362,35,362,'2023-04-16 13:04:59'),(363,33,363,'2023-04-10 05:24:44'),(364,34,364,'2023-04-06 07:04:16'),(365,37,365,'2023-04-16 04:37:31'),(366,39,366,'2023-04-18 02:04:35'),(367,37,367,'2023-04-19 05:45:30'),(368,35,368,'2023-04-14 18:55:20'),(369,37,369,'2023-04-01 13:07:08'),(370,39,370,'2023-04-17 19:43:09'),(371,32,371,'2023-04-12 21:00:34'),(372,38,372,'2023-04-03 02:34:48'),(373,37,373,'2023-04-05 23:23:25'),(374,32,374,'2023-04-21 00:17:23'),(375,37,375,'2023-04-10 07:21:21'),(376,40,376,'2023-04-28 10:32:18'),(377,33,377,'2023-04-28 01:51:12'),(378,40,378,'2023-04-20 14:40:06'),(379,37,379,'2023-04-19 12:28:32'),(380,40,380,'2023-04-01 16:42:09'),(381,36,381,'2023-04-27 01:58:36'),(382,38,382,'2023-04-09 10:05:22'),(383,32,383,'2023-04-20 22:57:21'),(384,38,384,'2023-04-26 06:33:49'),(385,32,385,'2023-04-17 18:43:02'),(386,36,386,'2023-04-10 07:18:50'),(387,33,387,'2023-04-07 12:49:59'),(388,38,388,'2023-04-13 08:20:18'),(389,40,389,'2023-04-26 09:57:39'),(390,38,390,'2023-04-08 00:23:43'),(391,39,391,'2023-04-28 07:18:33'),(392,38,392,'2023-04-14 05:21:29'),(393,34,393,'2023-04-15 09:49:34'),(394,35,394,'2023-04-19 22:01:41'),(395,38,395,'2023-04-06 23:41:51'),(396,36,396,'2023-04-08 22:00:04'),(397,38,397,'2023-04-16 08:56:09'),(398,40,398,'2023-04-09 03:09:00'),(399,32,399,'2023-04-07 09:42:53'),(400,33,400,'2023-04-13 00:41:11'),(401,32,401,'2023-04-04 11:14:37'),(402,32,402,'2023-04-24 05:31:34'),(403,36,403,'2023-04-29 22:19:39'),(404,32,404,'2023-04-10 00:56:08'),(405,40,405,'2023-04-04 14:59:26'),(406,35,406,'2023-04-07 02:35:47'),(407,37,407,'2023-04-14 22:54:38'),(408,37,408,'2023-04-12 22:08:26'),(409,34,409,'2023-04-17 07:31:50'),(410,33,410,'2023-04-07 15:36:42'),(411,39,411,'2023-04-02 23:21:00'),(412,40,412,'2023-04-29 10:58:48'),(413,38,413,'2023-04-28 00:35:46'),(414,40,414,'2023-04-02 13:36:02'),(415,32,415,'2023-04-09 19:10:34'),(416,39,416,'2023-04-18 11:08:34'),(417,33,417,'2023-04-01 00:28:22'),(418,33,418,'2023-04-20 06:17:54'),(419,38,419,'2023-04-09 21:21:28'),(420,34,420,'2023-04-09 17:30:40'),(421,32,421,'2023-04-29 08:18:53'),(422,37,422,'2023-04-15 02:55:07'),(423,32,423,'2023-04-01 09:50:50'),(424,36,424,'2023-04-09 00:40:50'),(425,37,425,'2023-04-07 02:54:16'),(426,37,426,'2023-04-20 10:06:02'),(427,39,427,'2023-04-03 22:25:10'),(428,39,428,'2023-04-27 09:34:14'),(429,36,429,'2023-04-27 03:45:37'),(430,35,430,'2023-04-09 23:50:49'),(431,39,431,'2023-04-24 01:56:24'),(432,32,432,'2023-04-01 15:13:29'),(433,32,433,'2023-04-13 14:21:59'),(434,37,434,'2023-04-22 00:59:37'),(435,37,435,'2023-04-12 13:46:10'),(436,37,436,'2023-04-17 02:27:03'),(437,34,437,'2023-04-18 08:42:49'),(438,36,438,'2023-04-12 08:49:27'),(439,40,439,'2023-04-13 02:05:59'),(440,39,440,'2023-04-11 23:58:26'),(441,40,441,'2023-04-16 18:05:00'),(442,40,442,'2023-04-12 15:00:50'),(443,33,443,'2023-04-23 05:56:49'),(444,35,444,'2023-04-22 20:39:45'),(445,38,445,'2023-04-21 05:28:32'),(446,33,446,'2023-04-21 01:10:21'),(447,39,447,'2023-04-25 10:18:36'),(448,33,448,'2023-04-12 05:29:37'),(449,35,449,'2023-04-09 20:56:52'),(450,40,450,'2023-04-15 09:45:13'),(451,40,451,'2023-04-13 13:16:03'),(452,34,452,'2023-04-25 05:18:58'),(453,39,453,'2023-04-10 04:29:07'),(454,36,454,'2023-04-15 06:26:33'),(455,32,455,'2023-04-19 03:52:11'),(456,34,456,'2023-04-04 04:36:36'),(457,39,457,'2023-04-15 13:02:58'),(458,38,458,'2023-04-02 02:15:35'),(459,33,459,'2023-04-21 11:00:19'),(460,38,460,'2023-04-23 08:45:51'),(461,34,461,'2023-04-15 01:17:46'),(462,35,462,'2023-04-26 19:47:52'),(463,40,463,'2023-04-07 06:40:23'),(464,34,464,'2023-04-03 11:00:21'),(465,39,465,'2023-04-18 22:47:10'),(466,40,466,'2023-04-21 09:20:55'),(467,39,467,'2023-04-25 10:51:05'),(468,39,468,'2023-04-17 02:33:33'),(469,34,469,'2023-04-23 04:58:07'),(470,39,470,'2023-04-21 22:55:53'),(471,36,471,'2023-04-01 05:20:27'),(472,33,472,'2023-04-03 22:39:45'),(473,39,473,'2023-04-12 16:45:55'),(474,32,474,'2023-04-21 11:12:51'),(475,39,475,'2023-04-15 20:54:06'),(476,39,476,'2023-04-10 08:17:32'),(477,38,477,'2023-04-17 19:40:19'),(478,40,478,'2023-04-11 21:48:52'),(479,32,479,'2023-04-12 03:20:36'),(480,34,480,'2023-04-29 13:53:26'),(481,37,481,'2023-04-07 03:09:20'),(482,35,482,'2023-04-10 20:19:57'),(483,38,483,'2023-04-14 15:51:51'),(484,38,484,'2023-04-16 19:39:57'),(485,40,485,'2023-04-27 19:55:21'),(486,40,486,'2023-04-23 15:09:29'),(487,34,487,'2023-04-07 10:39:06'),(488,32,488,'2023-04-26 11:30:17'),(489,34,489,'2023-04-21 02:41:47'),(490,34,490,'2023-04-21 20:10:16'),(491,36,491,'2023-04-01 00:28:53'),(492,32,492,'2023-04-19 16:25:36'),(493,33,493,'2023-04-16 13:57:27'),(494,38,494,'2023-04-25 09:22:43'),(495,37,495,'2023-04-16 09:25:06'),(496,36,496,'2023-04-29 07:15:43'),(497,40,497,'2023-04-13 03:42:56'),(498,33,498,'2023-04-02 12:14:31'),(499,39,499,'2023-04-07 22:26:13'),(500,40,500,'2023-04-27 23:41:57'),(501,37,501,'2023-04-02 15:55:16'),(502,37,502,'2023-04-20 11:57:23'),(503,34,503,'2023-04-13 10:34:04'),(504,34,504,'2023-04-26 03:47:02'),(505,34,505,'2023-04-07 00:49:41'),(506,33,506,'2023-04-28 23:35:32'),(507,32,507,'2023-04-23 17:41:28'),(508,38,508,'2023-04-02 09:55:27'),(509,35,509,'2023-04-03 08:21:25'),(510,40,510,'2023-04-28 22:50:24'),(511,37,511,'2023-04-13 19:47:00'),(512,32,512,'2023-04-16 17:30:15'),(513,37,513,'2023-04-10 19:25:27'),(514,35,514,'2023-04-07 15:34:45'),(515,37,515,'2023-04-16 06:33:39'),(516,36,516,'2023-04-29 10:33:31'),(517,32,517,'2023-04-28 15:19:16'),(518,40,518,'2023-04-09 06:01:42'),(519,37,519,'2023-04-01 22:41:15'),(520,34,520,'2023-04-12 06:15:18'),(521,34,521,'2023-04-17 00:12:23'),(522,37,522,'2023-04-02 00:44:41'),(523,38,523,'2023-04-24 16:47:14'),(524,36,524,'2023-04-03 23:44:43'),(525,34,525,'2023-04-12 22:44:37'),(526,38,526,'2023-04-01 11:29:13'),(527,32,527,'2023-04-03 21:59:32'),(528,35,528,'2023-04-21 13:50:18'),(529,37,529,'2023-04-15 19:06:53'),(530,35,530,'2023-04-13 17:22:30'),(531,34,531,'2023-04-20 06:47:37'),(532,38,532,'2023-04-10 00:46:41'),(533,39,533,'2023-04-01 10:13:52'),(534,35,534,'2023-04-06 04:08:11'),(535,34,535,'2023-04-15 17:30:29'),(536,35,536,'2023-04-27 09:37:20'),(537,38,537,'2023-04-25 07:23:28'),(538,33,538,'2023-04-07 00:31:17'),(539,40,539,'2023-04-27 19:03:17'),(540,40,540,'2023-04-10 21:33:54'),(541,39,541,'2023-04-08 04:59:01'),(542,33,542,'2023-04-09 23:48:15'),(543,40,543,'2023-04-04 00:44:05'),(544,40,544,'2023-04-01 23:08:36'),(545,34,545,'2023-04-04 14:31:49'),(546,38,546,'2023-04-04 09:33:14'),(547,39,547,'2023-04-20 15:33:15'),(548,34,548,'2023-04-06 09:17:37'),(549,36,549,'2023-04-29 12:56:08'),(550,35,550,'2023-04-05 07:20:46'),(551,38,551,'2023-04-24 20:43:56'),(552,36,552,'2023-04-23 15:55:00'),(553,32,553,'2023-04-04 19:21:02'),(554,35,554,'2023-04-01 12:38:51'),(555,34,555,'2023-04-13 22:19:15'),(556,34,556,'2023-04-26 10:28:55'),(557,37,557,'2023-04-15 12:09:49'),(558,32,558,'2023-04-19 04:35:49'),(559,39,559,'2023-04-18 13:13:32'),(560,32,560,'2023-04-18 18:31:17'),(561,37,561,'2023-04-11 13:36:17'),(562,38,562,'2023-04-16 14:07:37'),(563,36,563,'2023-04-21 03:10:58'),(564,40,564,'2023-04-02 07:08:19'),(565,35,565,'2023-04-26 05:02:25'),(566,39,566,'2023-04-20 20:11:02'),(567,35,567,'2023-04-14 03:43:44'),(568,33,568,'2023-04-06 03:55:27'),(569,40,569,'2023-04-02 00:08:00'),(570,33,570,'2023-04-27 20:16:35'),(571,37,571,'2023-04-01 04:44:09'),(572,39,572,'2023-04-02 06:37:11'),(573,37,573,'2023-04-10 21:20:33'),(574,38,574,'2023-04-19 02:33:03'),(575,39,575,'2023-04-01 09:22:49'),(576,35,576,'2023-04-17 10:04:31'),(577,34,577,'2023-04-15 08:25:50'),(578,35,578,'2023-04-24 00:46:08'),(579,36,579,'2023-04-07 11:17:16'),(580,36,580,'2023-04-05 16:28:31'),(581,40,581,'2023-04-09 06:59:01'),(582,37,582,'2023-04-06 03:05:19'),(583,40,583,'2023-04-05 07:15:38'),(584,38,584,'2023-04-13 22:38:30'),(585,32,585,'2023-04-29 02:14:52'),(586,37,586,'2023-04-26 03:02:45'),(587,38,587,'2023-04-17 18:03:11'),(588,35,588,'2023-04-23 09:10:25'),(589,34,589,'2023-04-24 13:04:12'),(590,40,590,'2023-04-09 22:36:52'),(591,34,591,'2023-04-05 20:19:00'),(592,39,592,'2023-04-10 10:30:33'),(593,38,593,'2023-04-24 04:33:20'),(594,38,594,'2023-04-10 22:24:00'),(595,35,595,'2023-04-23 01:57:55'),(596,39,596,'2023-04-22 19:49:44'),(597,34,597,'2023-04-16 17:24:54'),(598,33,598,'2023-04-07 21:48:27'),(599,34,599,'2023-04-18 22:49:59'),(600,36,600,'2023-04-09 23:29:39'),(601,35,601,'2023-04-12 17:46:52'),(602,33,602,'2023-04-14 03:09:13'),(603,33,603,'2023-04-11 18:16:34'),(604,40,604,'2023-04-28 10:24:20'),(605,35,605,'2023-04-18 14:34:44'),(606,32,606,'2023-04-08 08:02:51'),(607,38,607,'2023-04-08 06:09:16'),(608,34,608,'2023-04-24 16:15:54'),(609,39,609,'2023-04-07 15:10:37'),(610,34,610,'2023-04-10 16:56:46'),(611,40,611,'2023-04-27 08:18:18'),(612,39,612,'2023-04-12 04:32:20'),(613,39,613,'2023-04-16 20:48:56'),(614,38,614,'2023-04-14 06:10:10'),(615,35,615,'2023-04-20 07:20:20'),(616,36,616,'2023-04-08 05:15:34'),(617,40,617,'2023-04-17 16:49:05'),(618,36,618,'2023-04-15 11:07:59'),(619,34,619,'2023-04-01 08:53:55'),(620,35,620,'2023-04-17 01:09:31'),(621,37,621,'2023-04-20 17:47:04'),(622,36,622,'2023-04-24 06:59:18'),(623,34,623,'2023-04-08 19:41:36'),(624,34,624,'2023-04-09 19:29:14'),(625,33,625,'2023-04-01 11:24:28'),(626,35,626,'2023-04-24 02:19:13'),(627,37,627,'2023-04-14 13:00:32'),(628,38,628,'2023-04-09 10:43:15'),(629,38,629,'2023-04-24 03:18:33'),(630,39,630,'2023-04-04 19:56:06'),(631,39,631,'2023-04-25 00:41:43'),(632,40,632,'2023-04-05 06:15:41'),(633,33,633,'2023-04-15 21:00:15'),(634,37,634,'2023-04-29 14:32:49'),(635,32,635,'2023-04-24 02:08:12'),(636,33,636,'2023-04-09 21:40:49'),(637,33,637,'2023-04-21 19:46:34'),(638,37,638,'2023-04-15 08:21:08'),(639,32,639,'2023-04-28 11:41:19'),(640,36,640,'2023-04-18 14:03:27'),(641,38,641,'2023-04-27 15:20:27'),(642,37,642,'2023-04-16 16:40:41'),(643,32,643,'2023-04-24 11:40:42'),(644,34,644,'2023-04-27 22:11:36'),(645,32,645,'2023-04-12 00:43:50'),(646,33,646,'2023-04-03 11:46:40'),(647,39,647,'2023-04-15 22:44:46'),(648,35,648,'2023-04-24 18:51:51'),(649,37,649,'2023-04-29 09:45:45'),(650,38,650,'2023-04-17 01:59:49'),(651,36,651,'2023-04-23 11:54:49'),(652,34,652,'2023-04-08 07:03:38'),(653,32,653,'2023-04-28 22:42:27'),(654,34,654,'2023-04-01 11:45:43'),(655,40,655,'2023-04-07 07:34:11'),(656,40,656,'2023-04-25 08:32:03'),(657,39,657,'2023-04-21 23:21:32'),(658,36,658,'2023-04-03 10:49:01'),(659,33,659,'2023-04-15 07:47:41'),(660,37,660,'2023-04-13 14:42:13'),(661,32,661,'2023-04-24 19:23:57'),(662,35,662,'2023-04-03 03:42:19'),(663,39,663,'2023-04-02 06:43:29'),(664,38,664,'2023-04-12 22:24:37'),(665,38,665,'2023-04-28 10:16:58'),(666,39,666,'2023-04-27 16:52:47'),(667,38,667,'2023-04-09 11:59:48'),(668,35,668,'2023-04-22 10:16:28'),(669,39,669,'2023-04-15 11:02:10'),(670,37,670,'2023-04-29 04:30:48'),(671,39,671,'2023-04-28 19:26:49'),(672,38,672,'2023-04-22 21:34:18'),(673,33,673,'2023-04-11 01:43:25'),(674,36,674,'2023-04-25 03:33:33'),(675,34,675,'2023-04-23 07:53:52'),(676,32,676,'2023-04-22 18:47:09'),(677,35,677,'2023-04-18 09:32:45'),(678,33,678,'2023-04-22 02:42:49'),(679,34,679,'2023-04-08 02:00:35'),(680,37,680,'2023-04-06 07:07:36'),(681,37,681,'2023-04-15 14:32:05'),(682,40,682,'2023-04-25 02:42:41'),(683,33,683,'2023-04-25 13:59:36'),(684,32,684,'2023-04-23 15:56:43'),(685,38,685,'2023-04-19 15:52:48'),(686,39,686,'2023-04-19 05:54:20'),(687,33,687,'2023-04-26 08:26:08'),(688,37,688,'2023-04-07 06:54:15'),(689,33,689,'2023-04-28 15:35:17'),(690,39,690,'2023-04-04 03:47:59'),(691,39,691,'2023-04-11 20:21:12'),(692,40,692,'2023-04-15 17:23:21'),(693,35,693,'2023-04-16 05:02:13'),(694,32,694,'2023-04-04 07:49:13'),(695,40,695,'2023-04-20 08:25:28'),(696,32,696,'2023-04-01 01:47:07'),(697,36,697,'2023-04-23 12:42:28'),(698,39,698,'2023-04-14 20:59:37'),(699,33,699,'2023-04-17 11:37:49'),(700,38,700,'2023-04-19 00:47:33'),(701,38,701,'2023-04-07 01:34:36'),(702,40,702,'2023-04-06 16:36:54'),(703,36,703,'2023-04-12 04:02:14'),(704,40,704,'2023-04-25 22:57:23'),(705,37,705,'2023-04-03 17:22:22'),(706,38,706,'2023-04-07 16:19:36'),(707,36,707,'2023-04-11 13:41:20'),(708,33,708,'2023-04-17 16:52:33'),(709,39,709,'2023-04-07 17:43:25'),(710,36,710,'2023-04-03 22:04:19'),(711,33,711,'2023-04-03 06:59:15'),(712,35,712,'2023-04-26 10:57:03'),(713,32,713,'2023-04-21 11:21:37'),(714,40,714,'2023-04-02 16:20:49'),(715,34,715,'2023-04-07 19:29:43'),(716,33,716,'2023-04-29 08:24:10'),(717,38,717,'2023-04-11 07:16:16'),(718,36,718,'2023-04-08 02:10:45'),(719,34,719,'2023-04-18 02:44:07'),(720,38,720,'2023-04-04 08:27:10'),(721,32,721,'2023-04-09 03:36:51'),(722,40,722,'2023-04-27 12:37:03'),(723,38,723,'2023-04-04 11:59:40'),(724,35,724,'2023-04-01 05:59:35'),(725,35,725,'2023-04-23 23:34:06'),(726,37,726,'2023-04-17 19:36:52'),(727,35,727,'2023-04-23 13:46:42'),(728,34,728,'2023-04-18 10:58:48'),(729,32,729,'2023-04-06 19:50:09'),(730,37,730,'2023-04-07 17:36:38'),(731,40,731,'2023-04-20 09:35:43'),(732,40,732,'2023-04-07 11:53:13'),(733,33,733,'2023-04-24 21:46:55'),(734,35,734,'2023-04-08 17:22:49'),(735,34,735,'2023-04-25 11:39:04'),(736,39,736,'2023-04-05 03:16:08'),(737,34,737,'2023-04-22 04:09:29'),(738,40,738,'2023-04-06 23:10:59'),(739,33,739,'2023-04-09 02:21:01'),(740,36,740,'2023-04-04 20:55:25'),(741,37,741,'2023-04-24 23:48:17'),(742,33,742,'2023-04-25 06:55:49'),(743,35,743,'2023-04-23 10:49:16'),(744,32,744,'2023-04-06 13:21:35'),(745,33,745,'2023-04-02 14:20:24'),(746,39,746,'2023-04-15 23:42:21'),(747,34,747,'2023-04-07 06:47:23'),(748,36,748,'2023-04-01 06:49:38'),(749,32,749,'2023-04-23 08:11:55'),(750,36,750,'2023-04-17 16:59:47'),(751,33,751,'2023-04-19 09:28:03'),(752,33,752,'2023-04-04 23:27:36'),(753,36,753,'2023-04-21 22:47:38'),(754,39,754,'2023-04-22 11:08:40'),(755,38,755,'2023-04-19 15:10:44'),(756,32,756,'2023-04-28 18:03:14'),(757,37,757,'2023-04-27 20:07:21'),(758,39,758,'2023-04-19 03:31:14'),(759,34,759,'2023-04-15 05:01:05'),(760,32,760,'2023-04-15 13:31:35'),(761,36,761,'2023-04-29 10:51:07'),(762,35,762,'2023-04-08 12:54:32'),(763,36,763,'2023-04-01 04:31:18'),(764,35,764,'2023-04-04 01:53:40'),(765,38,765,'2023-04-10 01:32:41'),(766,34,766,'2023-04-26 12:24:37'),(767,35,767,'2023-04-16 22:16:00'),(768,35,768,'2023-04-14 23:10:27'),(769,39,769,'2023-04-28 23:44:52'),(770,37,770,'2023-04-23 03:54:37'),(771,34,771,'2023-04-17 15:21:26'),(772,39,772,'2023-04-25 17:12:45'),(773,34,773,'2023-04-20 14:11:16'),(774,38,774,'2023-04-22 19:42:30'),(775,38,775,'2023-04-23 10:39:06'),(776,36,776,'2023-04-21 15:26:15'),(777,32,777,'2023-04-12 04:22:05'),(778,36,778,'2023-04-03 02:01:18'),(779,33,779,'2023-04-21 00:24:36'),(780,36,780,'2023-04-05 11:20:53'),(781,39,781,'2023-04-02 13:55:24'),(782,34,782,'2023-04-14 05:25:52'),(783,36,783,'2023-04-03 18:17:42'),(784,39,784,'2023-04-20 04:46:09'),(785,32,785,'2023-04-06 01:18:59'),(786,39,786,'2023-04-24 15:19:00'),(787,39,787,'2023-04-29 20:39:28'),(788,33,788,'2023-04-07 08:41:44'),(789,37,789,'2023-04-01 07:31:55'),(790,36,790,'2023-04-19 15:41:06'),(791,35,791,'2023-04-26 01:18:07'),(792,33,792,'2023-04-07 18:53:46'),(793,36,793,'2023-04-25 15:46:11'),(794,34,794,'2023-04-02 14:32:01'),(795,37,795,'2023-04-09 07:46:14'),(796,34,796,'2023-04-05 00:31:48'),(797,37,797,'2023-04-26 11:23:28'),(798,38,798,'2023-04-17 20:42:57'),(799,38,799,'2023-04-18 07:57:29'),(800,37,800,'2023-04-01 09:09:33'),(801,35,801,'2023-04-11 09:53:47'),(802,37,802,'2023-04-19 08:35:47'),(803,34,803,'2023-04-11 13:10:15'),(804,39,804,'2023-04-13 21:39:14'),(805,36,805,'2023-04-05 07:28:49'),(806,39,806,'2023-04-28 08:06:42'),(807,34,807,'2023-04-25 20:49:09'),(808,32,808,'2023-04-06 01:36:06'),(809,33,809,'2023-04-19 22:43:42'),(810,38,810,'2023-04-23 11:42:22'),(811,40,811,'2023-04-12 12:40:23'),(812,38,812,'2023-04-11 14:58:59');
/*!40000 ALTER TABLE `dining_order` ENABLE KEYS */;
UNLOCK TABLES;

--
-- Table structure for table `dining_session`
--

DROP TABLE IF EXISTS `dining_session`;
/*!40101 SET @saved_cs_client     = @@character_set_client */;
/*!50503 SET character_set_client = utf8mb4 */;
CREATE TABLE `dining_session` (
  `sessionId` int NOT NULL AUTO_INCREMENT,
  `startTime` datetime NOT NULL,
  `endTime` datetime NOT NULL,
  `tableNumber` int NOT NULL,
  `customerId` int NOT NULL,
  PRIMARY KEY (`sessionId`),
  KEY `customerId` (`customerId`),
  CONSTRAINT `dining_session_ibfk_1` FOREIGN KEY (`customerId`) REFERENCES `customer` (`customerId`)
) ENGINE=InnoDB AUTO_INCREMENT=813 DEFAULT CHARSET=utf8mb4 COLLATE=utf8mb4_0900_ai_ci;
/*!40101 SET character_set_client = @saved_cs_client */;

--
-- Dumping data for table `dining_session`
--

LOCK TABLES `dining_session` WRITE;
/*!40000 ALTER TABLE `dining_session` DISABLE KEYS */;
INSERT INTO `dining_session` VALUES (1,'2023-04-01 00:00:00','2023-04-01 00:00:00',4,1),(2,'2023-04-01 00:00:00','2023-04-01 00:00:00',11,2),(3,'2023-04-01 00:00:00','2023-04-01 00:00:00',2,3),(4,'2023-04-01 00:00:00','2023-04-01 00:00:00',12,4),(5,'2023-04-01 00:00:00','2023-04-01 00:00:00',7,5),(6,'2023-04-01 00:00:00','2023-04-01 00:00:00',3,6),(7,'2023-04-01 00:00:00','2023-04-01 00:00:00',14,7),(8,'2023-04-01 00:00:00','2023-04-01 00:00:00',10,8),(9,'2023-04-01 00:00:00','2023-04-01 00:00:00',14,9),(10,'2023-04-01 00:00:00','2023-04-01 00:00:00',10,10),(11,'2023-04-01 00:00:00','2023-04-01 00:00:00',10,11),(12,'2023-04-01 00:00:00','2023-04-01 00:00:00',15,12),(13,'2023-04-01 00:00:00','2023-04-01 00:00:00',6,13),(14,'2023-04-01 00:00:00','2023-04-01 00:00:00',22,14),(15,'2023-04-01 00:00:00','2023-04-01 00:00:00',11,15),(16,'2023-04-01 00:00:00','2023-04-01 00:00:00',21,16),(17,'2023-04-01 00:00:00','2023-04-01 00:00:00',4,17),(18,'2023-04-01 00:00:00','2023-04-01 00:00:00',23,18),(19,'2023-04-01 00:00:00','2023-04-01 00:00:00',11,19),(20,'2023-04-01 00:00:00','2023-04-01 00:00:00',11,20),(21,'2023-04-01 00:00:00','2023-04-01 00:00:00',11,21),(22,'2023-04-01 00:00:00','2023-04-01 00:00:00',1,22),(23,'2023-04-01 00:00:00','2023-04-01 00:00:00',17,23),(24,'2023-04-01 00:00:00','2023-04-01 00:00:00',16,24),(25,'2023-04-01 00:00:00','2023-04-01 00:00:00',9,25),(26,'2023-04-01 00:00:00','2023-04-01 00:00:00',7,26),(27,'2023-04-01 00:00:00','2023-04-01 00:00:00',2,27),(28,'2023-04-01 00:00:00','2023-04-01 00:00:00',10,28),(29,'2023-04-02 00:00:00','2023-04-02 00:00:00',8,1),(30,'2023-04-02 00:00:00','2023-04-02 00:00:00',10,2),(31,'2023-04-02 00:00:00','2023-04-02 00:00:00',7,3),(32,'2023-04-02 00:00:00','2023-04-02 00:00:00',15,4),(33,'2023-04-02 00:00:00','2023-04-02 00:00:00',11,5),(34,'2023-04-02 00:00:00','2023-04-02 00:00:00',1,6),(35,'2023-04-02 00:00:00','2023-04-02 00:00:00',22,7),(36,'2023-04-02 00:00:00','2023-04-02 00:00:00',4,8),(37,'2023-04-02 00:00:00','2023-04-02 00:00:00',15,9),(38,'2023-04-02 00:00:00','2023-04-02 00:00:00',2,10),(39,'2023-04-02 00:00:00','2023-04-02 00:00:00',25,11),(40,'2023-04-02 00:00:00','2023-04-02 00:00:00',1,12),(41,'2023-04-02 00:00:00','2023-04-02 00:00:00',5,13),(42,'2023-04-02 00:00:00','2023-04-02 00:00:00',13,14),(43,'2023-04-02 00:00:00','2023-04-02 00:00:00',13,15),(44,'2023-04-02 00:00:00','2023-04-02 00:00:00',9,16),(45,'2023-04-02 00:00:00','2023-04-02 00:00:00',21,17),(46,'2023-04-02 00:00:00','2023-04-02 00:00:00',22,18),(47,'2023-04-02 00:00:00','2023-04-02 00:00:00',6,19),(48,'2023-04-02 00:00:00','2023-04-02 00:00:00',12,20),(49,'2023-04-02 00:00:00','2023-04-02 00:00:00',8,21),(50,'2023-04-02 00:00:00','2023-04-02 00:00:00',17,22),(51,'2023-04-02 00:00:00','2023-04-02 00:00:00',20,23),(52,'2023-04-02 00:00:00','2023-04-02 00:00:00',3,24),(53,'2023-04-02 00:00:00','2023-04-02 00:00:00',13,25),(54,'2023-04-02 00:00:00','2023-04-02 00:00:00',24,26),(55,'2023-04-02 00:00:00','2023-04-02 00:00:00',6,27),(56,'2023-04-02 00:00:00','2023-04-02 00:00:00',4,28),(57,'2023-04-03 00:00:00','2023-04-03 00:00:00',19,1),(58,'2023-04-03 00:00:00','2023-04-03 00:00:00',10,2),(59,'2023-04-03 00:00:00','2023-04-03 00:00:00',21,3),(60,'2023-04-03 00:00:00','2023-04-03 00:00:00',17,4),(61,'2023-04-03 00:00:00','2023-04-03 00:00:00',3,5),(62,'2023-04-03 00:00:00','2023-04-03 00:00:00',20,6),(63,'2023-04-03 00:00:00','2023-04-03 00:00:00',14,7),(64,'2023-04-03 00:00:00','2023-04-03 00:00:00',11,8),(65,'2023-04-03 00:00:00','2023-04-03 00:00:00',12,9),(66,'2023-04-03 00:00:00','2023-04-03 00:00:00',14,10),(67,'2023-04-03 00:00:00','2023-04-03 00:00:00',12,11),(68,'2023-04-03 00:00:00','2023-04-03 00:00:00',14,12),(69,'2023-04-03 00:00:00','2023-04-03 00:00:00',11,13),(70,'2023-04-03 00:00:00','2023-04-03 00:00:00',2,14),(71,'2023-04-03 00:00:00','2023-04-03 00:00:00',16,15),(72,'2023-04-03 00:00:00','2023-04-03 00:00:00',16,16),(73,'2023-04-03 00:00:00','2023-04-03 00:00:00',25,17),(74,'2023-04-03 00:00:00','2023-04-03 00:00:00',10,18),(75,'2023-04-03 00:00:00','2023-04-03 00:00:00',11,19),(76,'2023-04-03 00:00:00','2023-04-03 00:00:00',7,20),(77,'2023-04-03 00:00:00','2023-04-03 00:00:00',16,21),(78,'2023-04-03 00:00:00','2023-04-03 00:00:00',24,22),(79,'2023-04-03 00:00:00','2023-04-03 00:00:00',7,23),(80,'2023-04-03 00:00:00','2023-04-03 00:00:00',1,24),(81,'2023-04-03 00:00:00','2023-04-03 00:00:00',15,25),(82,'2023-04-03 00:00:00','2023-04-03 00:00:00',12,26),(83,'2023-04-03 00:00:00','2023-04-03 00:00:00',21,27),(84,'2023-04-03 00:00:00','2023-04-03 00:00:00',22,28),(85,'2023-04-04 00:00:00','2023-04-04 00:00:00',1,1),(86,'2023-04-04 00:00:00','2023-04-04 00:00:00',16,2),(87,'2023-04-04 00:00:00','2023-04-04 00:00:00',18,3),(88,'2023-04-04 00:00:00','2023-04-04 00:00:00',1,4),(89,'2023-04-04 00:00:00','2023-04-04 00:00:00',6,5),(90,'2023-04-04 00:00:00','2023-04-04 00:00:00',3,6),(91,'2023-04-04 00:00:00','2023-04-04 00:00:00',18,7),(92,'2023-04-04 00:00:00','2023-04-04 00:00:00',16,8),(93,'2023-04-04 00:00:00','2023-04-04 00:00:00',12,9),(94,'2023-04-04 00:00:00','2023-04-04 00:00:00',11,10),(95,'2023-04-04 00:00:00','2023-04-04 00:00:00',10,11),(96,'2023-04-04 00:00:00','2023-04-04 00:00:00',8,12),(97,'2023-04-04 00:00:00','2023-04-04 00:00:00',5,13),(98,'2023-04-04 00:00:00','2023-04-04 00:00:00',25,14),(99,'2023-04-04 00:00:00','2023-04-04 00:00:00',24,15),(100,'2023-04-04 00:00:00','2023-04-04 00:00:00',1,16),(101,'2023-04-04 00:00:00','2023-04-04 00:00:00',8,17),(102,'2023-04-04 00:00:00','2023-04-04 00:00:00',5,18),(103,'2023-04-04 00:00:00','2023-04-04 00:00:00',9,19),(104,'2023-04-04 00:00:00','2023-04-04 00:00:00',21,20),(105,'2023-04-04 00:00:00','2023-04-04 00:00:00',10,21),(106,'2023-04-04 00:00:00','2023-04-04 00:00:00',13,22),(107,'2023-04-04 00:00:00','2023-04-04 00:00:00',20,23),(108,'2023-04-04 00:00:00','2023-04-04 00:00:00',23,24),(109,'2023-04-04 00:00:00','2023-04-04 00:00:00',24,25),(110,'2023-04-04 00:00:00','2023-04-04 00:00:00',18,26),(111,'2023-04-04 00:00:00','2023-04-04 00:00:00',7,27),(112,'2023-04-04 00:00:00','2023-04-04 00:00:00',3,28),(113,'2023-04-05 00:00:00','2023-04-05 00:00:00',1,1),(114,'2023-04-05 00:00:00','2023-04-05 00:00:00',8,2),(115,'2023-04-05 00:00:00','2023-04-05 00:00:00',17,3),(116,'2023-04-05 00:00:00','2023-04-05 00:00:00',15,4),(117,'2023-04-05 00:00:00','2023-04-05 00:00:00',2,5),(118,'2023-04-05 00:00:00','2023-04-05 00:00:00',5,6),(119,'2023-04-05 00:00:00','2023-04-05 00:00:00',7,7),(120,'2023-04-05 00:00:00','2023-04-05 00:00:00',16,8),(121,'2023-04-05 00:00:00','2023-04-05 00:00:00',12,9),(122,'2023-04-05 00:00:00','2023-04-05 00:00:00',22,10),(123,'2023-04-05 00:00:00','2023-04-05 00:00:00',11,11),(124,'2023-04-05 00:00:00','2023-04-05 00:00:00',24,12),(125,'2023-04-05 00:00:00','2023-04-05 00:00:00',3,13),(126,'2023-04-05 00:00:00','2023-04-05 00:00:00',22,14),(127,'2023-04-05 00:00:00','2023-04-05 00:00:00',3,15),(128,'2023-04-05 00:00:00','2023-04-05 00:00:00',14,16),(129,'2023-04-05 00:00:00','2023-04-05 00:00:00',23,17),(130,'2023-04-05 00:00:00','2023-04-05 00:00:00',7,18),(131,'2023-04-05 00:00:00','2023-04-05 00:00:00',16,19),(132,'2023-04-05 00:00:00','2023-04-05 00:00:00',2,20),(133,'2023-04-05 00:00:00','2023-04-05 00:00:00',2,21),(134,'2023-04-05 00:00:00','2023-04-05 00:00:00',10,22),(135,'2023-04-05 00:00:00','2023-04-05 00:00:00',22,23),(136,'2023-04-05 00:00:00','2023-04-05 00:00:00',5,24),(137,'2023-04-05 00:00:00','2023-04-05 00:00:00',2,25),(138,'2023-04-05 00:00:00','2023-04-05 00:00:00',14,26),(139,'2023-04-05 00:00:00','2023-04-05 00:00:00',6,27),(140,'2023-04-05 00:00:00','2023-04-05 00:00:00',25,28),(141,'2023-04-06 00:00:00','2023-04-06 00:00:00',1,1),(142,'2023-04-06 00:00:00','2023-04-06 00:00:00',9,2),(143,'2023-04-06 00:00:00','2023-04-06 00:00:00',17,3),(144,'2023-04-06 00:00:00','2023-04-06 00:00:00',21,4),(145,'2023-04-06 00:00:00','2023-04-06 00:00:00',22,5),(146,'2023-04-06 00:00:00','2023-04-06 00:00:00',9,6),(147,'2023-04-06 00:00:00','2023-04-06 00:00:00',6,7),(148,'2023-04-06 00:00:00','2023-04-06 00:00:00',25,8),(149,'2023-04-06 00:00:00','2023-04-06 00:00:00',15,9),(150,'2023-04-06 00:00:00','2023-04-06 00:00:00',8,10),(151,'2023-04-06 00:00:00','2023-04-06 00:00:00',10,11),(152,'2023-04-06 00:00:00','2023-04-06 00:00:00',13,12),(153,'2023-04-06 00:00:00','2023-04-06 00:00:00',19,13),(154,'2023-04-06 00:00:00','2023-04-06 00:00:00',2,14),(155,'2023-04-06 00:00:00','2023-04-06 00:00:00',19,15),(156,'2023-04-06 00:00:00','2023-04-06 00:00:00',7,16),(157,'2023-04-06 00:00:00','2023-04-06 00:00:00',11,17),(158,'2023-04-06 00:00:00','2023-04-06 00:00:00',23,18),(159,'2023-04-06 00:00:00','2023-04-06 00:00:00',11,19),(160,'2023-04-06 00:00:00','2023-04-06 00:00:00',18,20),(161,'2023-04-06 00:00:00','2023-04-06 00:00:00',7,21),(162,'2023-04-06 00:00:00','2023-04-06 00:00:00',17,22),(163,'2023-04-06 00:00:00','2023-04-06 00:00:00',19,23),(164,'2023-04-06 00:00:00','2023-04-06 00:00:00',5,24),(165,'2023-04-06 00:00:00','2023-04-06 00:00:00',5,25),(166,'2023-04-06 00:00:00','2023-04-06 00:00:00',19,26),(167,'2023-04-06 00:00:00','2023-04-06 00:00:00',23,27),(168,'2023-04-06 00:00:00','2023-04-06 00:00:00',18,28),(169,'2023-04-07 00:00:00','2023-04-07 00:00:00',4,1),(170,'2023-04-07 00:00:00','2023-04-07 00:00:00',4,2),(171,'2023-04-07 00:00:00','2023-04-07 00:00:00',13,3),(172,'2023-04-07 00:00:00','2023-04-07 00:00:00',6,4),(173,'2023-04-07 00:00:00','2023-04-07 00:00:00',25,5),(174,'2023-04-07 00:00:00','2023-04-07 00:00:00',1,6),(175,'2023-04-07 00:00:00','2023-04-07 00:00:00',25,7),(176,'2023-04-07 00:00:00','2023-04-07 00:00:00',24,8),(177,'2023-04-07 00:00:00','2023-04-07 00:00:00',9,9),(178,'2023-04-07 00:00:00','2023-04-07 00:00:00',22,10),(179,'2023-04-07 00:00:00','2023-04-07 00:00:00',21,11),(180,'2023-04-07 00:00:00','2023-04-07 00:00:00',4,12),(181,'2023-04-07 00:00:00','2023-04-07 00:00:00',13,13),(182,'2023-04-07 00:00:00','2023-04-07 00:00:00',18,14),(183,'2023-04-07 00:00:00','2023-04-07 00:00:00',23,15),(184,'2023-04-07 00:00:00','2023-04-07 00:00:00',22,16),(185,'2023-04-07 00:00:00','2023-04-07 00:00:00',24,17),(186,'2023-04-07 00:00:00','2023-04-07 00:00:00',24,18),(187,'2023-04-07 00:00:00','2023-04-07 00:00:00',18,19),(188,'2023-04-07 00:00:00','2023-04-07 00:00:00',23,20),(189,'2023-04-07 00:00:00','2023-04-07 00:00:00',10,21),(190,'2023-04-07 00:00:00','2023-04-07 00:00:00',13,22),(191,'2023-04-07 00:00:00','2023-04-07 00:00:00',19,23),(192,'2023-04-07 00:00:00','2023-04-07 00:00:00',8,24),(193,'2023-04-07 00:00:00','2023-04-07 00:00:00',5,25),(194,'2023-04-07 00:00:00','2023-04-07 00:00:00',17,26),(195,'2023-04-07 00:00:00','2023-04-07 00:00:00',3,27),(196,'2023-04-07 00:00:00','2023-04-07 00:00:00',8,28),(197,'2023-04-08 00:00:00','2023-04-08 00:00:00',21,1),(198,'2023-04-08 00:00:00','2023-04-08 00:00:00',5,2),(199,'2023-04-08 00:00:00','2023-04-08 00:00:00',11,3),(200,'2023-04-08 00:00:00','2023-04-08 00:00:00',5,4),(201,'2023-04-08 00:00:00','2023-04-08 00:00:00',17,5),(202,'2023-04-08 00:00:00','2023-04-08 00:00:00',16,6),(203,'2023-04-08 00:00:00','2023-04-08 00:00:00',23,7),(204,'2023-04-08 00:00:00','2023-04-08 00:00:00',19,8),(205,'2023-04-08 00:00:00','2023-04-08 00:00:00',6,9),(206,'2023-04-08 00:00:00','2023-04-08 00:00:00',14,10),(207,'2023-04-08 00:00:00','2023-04-08 00:00:00',22,11),(208,'2023-04-08 00:00:00','2023-04-08 00:00:00',11,12),(209,'2023-04-08 00:00:00','2023-04-08 00:00:00',23,13),(210,'2023-04-08 00:00:00','2023-04-08 00:00:00',2,14),(211,'2023-04-08 00:00:00','2023-04-08 00:00:00',19,15),(212,'2023-04-08 00:00:00','2023-04-08 00:00:00',14,16),(213,'2023-04-08 00:00:00','2023-04-08 00:00:00',5,17),(214,'2023-04-08 00:00:00','2023-04-08 00:00:00',12,18),(215,'2023-04-08 00:00:00','2023-04-08 00:00:00',20,19),(216,'2023-04-08 00:00:00','2023-04-08 00:00:00',8,20),(217,'2023-04-08 00:00:00','2023-04-08 00:00:00',15,21),(218,'2023-04-08 00:00:00','2023-04-08 00:00:00',1,22),(219,'2023-04-08 00:00:00','2023-04-08 00:00:00',8,23),(220,'2023-04-08 00:00:00','2023-04-08 00:00:00',14,24),(221,'2023-04-08 00:00:00','2023-04-08 00:00:00',15,25),(222,'2023-04-08 00:00:00','2023-04-08 00:00:00',21,26),(223,'2023-04-08 00:00:00','2023-04-08 00:00:00',4,27),(224,'2023-04-08 00:00:00','2023-04-08 00:00:00',21,28),(225,'2023-04-09 00:00:00','2023-04-09 00:00:00',20,1),(226,'2023-04-09 00:00:00','2023-04-09 00:00:00',24,2),(227,'2023-04-09 00:00:00','2023-04-09 00:00:00',18,3),(228,'2023-04-09 00:00:00','2023-04-09 00:00:00',1,4),(229,'2023-04-09 00:00:00','2023-04-09 00:00:00',18,5),(230,'2023-04-09 00:00:00','2023-04-09 00:00:00',2,6),(231,'2023-04-09 00:00:00','2023-04-09 00:00:00',24,7),(232,'2023-04-09 00:00:00','2023-04-09 00:00:00',5,8),(233,'2023-04-09 00:00:00','2023-04-09 00:00:00',11,9),(234,'2023-04-09 00:00:00','2023-04-09 00:00:00',11,10),(235,'2023-04-09 00:00:00','2023-04-09 00:00:00',9,11),(236,'2023-04-09 00:00:00','2023-04-09 00:00:00',8,12),(237,'2023-04-09 00:00:00','2023-04-09 00:00:00',11,13),(238,'2023-04-09 00:00:00','2023-04-09 00:00:00',20,14),(239,'2023-04-09 00:00:00','2023-04-09 00:00:00',1,15),(240,'2023-04-09 00:00:00','2023-04-09 00:00:00',25,16),(241,'2023-04-09 00:00:00','2023-04-09 00:00:00',19,17),(242,'2023-04-09 00:00:00','2023-04-09 00:00:00',16,18),(243,'2023-04-09 00:00:00','2023-04-09 00:00:00',7,19),(244,'2023-04-09 00:00:00','2023-04-09 00:00:00',3,20),(245,'2023-04-09 00:00:00','2023-04-09 00:00:00',17,21),(246,'2023-04-09 00:00:00','2023-04-09 00:00:00',23,22),(247,'2023-04-09 00:00:00','2023-04-09 00:00:00',16,23),(248,'2023-04-09 00:00:00','2023-04-09 00:00:00',25,24),(249,'2023-04-09 00:00:00','2023-04-09 00:00:00',2,25),(250,'2023-04-09 00:00:00','2023-04-09 00:00:00',2,26),(251,'2023-04-09 00:00:00','2023-04-09 00:00:00',10,27),(252,'2023-04-09 00:00:00','2023-04-09 00:00:00',10,28),(253,'2023-04-10 00:00:00','2023-04-10 00:00:00',10,1),(254,'2023-04-10 00:00:00','2023-04-10 00:00:00',17,2),(255,'2023-04-10 00:00:00','2023-04-10 00:00:00',12,3),(256,'2023-04-10 00:00:00','2023-04-10 00:00:00',5,4),(257,'2023-04-10 00:00:00','2023-04-10 00:00:00',7,5),(258,'2023-04-10 00:00:00','2023-04-10 00:00:00',5,6),(259,'2023-04-10 00:00:00','2023-04-10 00:00:00',5,7),(260,'2023-04-10 00:00:00','2023-04-10 00:00:00',16,8),(261,'2023-04-10 00:00:00','2023-04-10 00:00:00',19,9),(262,'2023-04-10 00:00:00','2023-04-10 00:00:00',11,10),(263,'2023-04-10 00:00:00','2023-04-10 00:00:00',7,11),(264,'2023-04-10 00:00:00','2023-04-10 00:00:00',7,12),(265,'2023-04-10 00:00:00','2023-04-10 00:00:00',3,13),(266,'2023-04-10 00:00:00','2023-04-10 00:00:00',9,14),(267,'2023-04-10 00:00:00','2023-04-10 00:00:00',4,15),(268,'2023-04-10 00:00:00','2023-04-10 00:00:00',21,16),(269,'2023-04-10 00:00:00','2023-04-10 00:00:00',8,17),(270,'2023-04-10 00:00:00','2023-04-10 00:00:00',1,18),(271,'2023-04-10 00:00:00','2023-04-10 00:00:00',4,19),(272,'2023-04-10 00:00:00','2023-04-10 00:00:00',10,20),(273,'2023-04-10 00:00:00','2023-04-10 00:00:00',20,21),(274,'2023-04-10 00:00:00','2023-04-10 00:00:00',24,22),(275,'2023-04-10 00:00:00','2023-04-10 00:00:00',3,23),(276,'2023-04-10 00:00:00','2023-04-10 00:00:00',23,24),(277,'2023-04-10 00:00:00','2023-04-10 00:00:00',2,25),(278,'2023-04-10 00:00:00','2023-04-10 00:00:00',7,26),(279,'2023-04-10 00:00:00','2023-04-10 00:00:00',15,27),(280,'2023-04-10 00:00:00','2023-04-10 00:00:00',7,28),(281,'2023-04-11 00:00:00','2023-04-11 00:00:00',12,1),(282,'2023-04-11 00:00:00','2023-04-11 00:00:00',22,2),(283,'2023-04-11 00:00:00','2023-04-11 00:00:00',25,3),(284,'2023-04-11 00:00:00','2023-04-11 00:00:00',13,4),(285,'2023-04-11 00:00:00','2023-04-11 00:00:00',21,5),(286,'2023-04-11 00:00:00','2023-04-11 00:00:00',25,6),(287,'2023-04-11 00:00:00','2023-04-11 00:00:00',6,7),(288,'2023-04-11 00:00:00','2023-04-11 00:00:00',1,8),(289,'2023-04-11 00:00:00','2023-04-11 00:00:00',23,9),(290,'2023-04-11 00:00:00','2023-04-11 00:00:00',6,10),(291,'2023-04-11 00:00:00','2023-04-11 00:00:00',5,11),(292,'2023-04-11 00:00:00','2023-04-11 00:00:00',21,12),(293,'2023-04-11 00:00:00','2023-04-11 00:00:00',6,13),(294,'2023-04-11 00:00:00','2023-04-11 00:00:00',13,14),(295,'2023-04-11 00:00:00','2023-04-11 00:00:00',8,15),(296,'2023-04-11 00:00:00','2023-04-11 00:00:00',8,16),(297,'2023-04-11 00:00:00','2023-04-11 00:00:00',5,17),(298,'2023-04-11 00:00:00','2023-04-11 00:00:00',11,18),(299,'2023-04-11 00:00:00','2023-04-11 00:00:00',9,19),(300,'2023-04-11 00:00:00','2023-04-11 00:00:00',21,20),(301,'2023-04-11 00:00:00','2023-04-11 00:00:00',17,21),(302,'2023-04-11 00:00:00','2023-04-11 00:00:00',21,22),(303,'2023-04-11 00:00:00','2023-04-11 00:00:00',18,23),(304,'2023-04-11 00:00:00','2023-04-11 00:00:00',11,24),(305,'2023-04-11 00:00:00','2023-04-11 00:00:00',24,25),(306,'2023-04-11 00:00:00','2023-04-11 00:00:00',4,26),(307,'2023-04-11 00:00:00','2023-04-11 00:00:00',22,27),(308,'2023-04-11 00:00:00','2023-04-11 00:00:00',5,28),(309,'2023-04-12 00:00:00','2023-04-12 00:00:00',5,1),(310,'2023-04-12 00:00:00','2023-04-12 00:00:00',11,2),(311,'2023-04-12 00:00:00','2023-04-12 00:00:00',9,3),(312,'2023-04-12 00:00:00','2023-04-12 00:00:00',16,4),(313,'2023-04-12 00:00:00','2023-04-12 00:00:00',16,5),(314,'2023-04-12 00:00:00','2023-04-12 00:00:00',3,6),(315,'2023-04-12 00:00:00','2023-04-12 00:00:00',25,7),(316,'2023-04-12 00:00:00','2023-04-12 00:00:00',25,8),(317,'2023-04-12 00:00:00','2023-04-12 00:00:00',25,9),(318,'2023-04-12 00:00:00','2023-04-12 00:00:00',17,10),(319,'2023-04-12 00:00:00','2023-04-12 00:00:00',8,11),(320,'2023-04-12 00:00:00','2023-04-12 00:00:00',4,12),(321,'2023-04-12 00:00:00','2023-04-12 00:00:00',5,13),(322,'2023-04-12 00:00:00','2023-04-12 00:00:00',17,14),(323,'2023-04-12 00:00:00','2023-04-12 00:00:00',8,15),(324,'2023-04-12 00:00:00','2023-04-12 00:00:00',2,16),(325,'2023-04-12 00:00:00','2023-04-12 00:00:00',6,17),(326,'2023-04-12 00:00:00','2023-04-12 00:00:00',15,18),(327,'2023-04-12 00:00:00','2023-04-12 00:00:00',22,19),(328,'2023-04-12 00:00:00','2023-04-12 00:00:00',17,20),(329,'2023-04-12 00:00:00','2023-04-12 00:00:00',20,21),(330,'2023-04-12 00:00:00','2023-04-12 00:00:00',2,22),(331,'2023-04-12 00:00:00','2023-04-12 00:00:00',1,23),(332,'2023-04-12 00:00:00','2023-04-12 00:00:00',17,24),(333,'2023-04-12 00:00:00','2023-04-12 00:00:00',1,25),(334,'2023-04-12 00:00:00','2023-04-12 00:00:00',25,26),(335,'2023-04-12 00:00:00','2023-04-12 00:00:00',18,27),(336,'2023-04-12 00:00:00','2023-04-12 00:00:00',25,28),(337,'2023-04-13 00:00:00','2023-04-13 00:00:00',19,1),(338,'2023-04-13 00:00:00','2023-04-13 00:00:00',13,2),(339,'2023-04-13 00:00:00','2023-04-13 00:00:00',12,3),(340,'2023-04-13 00:00:00','2023-04-13 00:00:00',7,4),(341,'2023-04-13 00:00:00','2023-04-13 00:00:00',7,5),(342,'2023-04-13 00:00:00','2023-04-13 00:00:00',10,6),(343,'2023-04-13 00:00:00','2023-04-13 00:00:00',15,7),(344,'2023-04-13 00:00:00','2023-04-13 00:00:00',22,8),(345,'2023-04-13 00:00:00','2023-04-13 00:00:00',18,9),(346,'2023-04-13 00:00:00','2023-04-13 00:00:00',15,10),(347,'2023-04-13 00:00:00','2023-04-13 00:00:00',21,11),(348,'2023-04-13 00:00:00','2023-04-13 00:00:00',6,12),(349,'2023-04-13 00:00:00','2023-04-13 00:00:00',5,13),(350,'2023-04-13 00:00:00','2023-04-13 00:00:00',24,14),(351,'2023-04-13 00:00:00','2023-04-13 00:00:00',9,15),(352,'2023-04-13 00:00:00','2023-04-13 00:00:00',12,16),(353,'2023-04-13 00:00:00','2023-04-13 00:00:00',17,17),(354,'2023-04-13 00:00:00','2023-04-13 00:00:00',6,18),(355,'2023-04-13 00:00:00','2023-04-13 00:00:00',20,19),(356,'2023-04-13 00:00:00','2023-04-13 00:00:00',7,20),(357,'2023-04-13 00:00:00','2023-04-13 00:00:00',17,21),(358,'2023-04-13 00:00:00','2023-04-13 00:00:00',1,22),(359,'2023-04-13 00:00:00','2023-04-13 00:00:00',9,23),(360,'2023-04-13 00:00:00','2023-04-13 00:00:00',2,24),(361,'2023-04-13 00:00:00','2023-04-13 00:00:00',5,25),(362,'2023-04-13 00:00:00','2023-04-13 00:00:00',4,26),(363,'2023-04-13 00:00:00','2023-04-13 00:00:00',3,27),(364,'2023-04-13 00:00:00','2023-04-13 00:00:00',15,28),(365,'2023-04-14 00:00:00','2023-04-14 00:00:00',19,1),(366,'2023-04-14 00:00:00','2023-04-14 00:00:00',7,2),(367,'2023-04-14 00:00:00','2023-04-14 00:00:00',13,3),(368,'2023-04-14 00:00:00','2023-04-14 00:00:00',15,4),(369,'2023-04-14 00:00:00','2023-04-14 00:00:00',9,5),(370,'2023-04-14 00:00:00','2023-04-14 00:00:00',24,6),(371,'2023-04-14 00:00:00','2023-04-14 00:00:00',15,7),(372,'2023-04-14 00:00:00','2023-04-14 00:00:00',14,8),(373,'2023-04-14 00:00:00','2023-04-14 00:00:00',22,9),(374,'2023-04-14 00:00:00','2023-04-14 00:00:00',10,10),(375,'2023-04-14 00:00:00','2023-04-14 00:00:00',19,11),(376,'2023-04-14 00:00:00','2023-04-14 00:00:00',10,12),(377,'2023-04-14 00:00:00','2023-04-14 00:00:00',22,13),(378,'2023-04-14 00:00:00','2023-04-14 00:00:00',15,14),(379,'2023-04-14 00:00:00','2023-04-14 00:00:00',8,15),(380,'2023-04-14 00:00:00','2023-04-14 00:00:00',22,16),(381,'2023-04-14 00:00:00','2023-04-14 00:00:00',1,17),(382,'2023-04-14 00:00:00','2023-04-14 00:00:00',2,18),(383,'2023-04-14 00:00:00','2023-04-14 00:00:00',6,19),(384,'2023-04-14 00:00:00','2023-04-14 00:00:00',19,20),(385,'2023-04-14 00:00:00','2023-04-14 00:00:00',25,21),(386,'2023-04-14 00:00:00','2023-04-14 00:00:00',1,22),(387,'2023-04-14 00:00:00','2023-04-14 00:00:00',15,23),(388,'2023-04-14 00:00:00','2023-04-14 00:00:00',18,24),(389,'2023-04-14 00:00:00','2023-04-14 00:00:00',15,25),(390,'2023-04-14 00:00:00','2023-04-14 00:00:00',4,26),(391,'2023-04-14 00:00:00','2023-04-14 00:00:00',21,27),(392,'2023-04-14 00:00:00','2023-04-14 00:00:00',9,28),(393,'2023-04-15 00:00:00','2023-04-15 00:00:00',2,1),(394,'2023-04-15 00:00:00','2023-04-15 00:00:00',16,2),(395,'2023-04-15 00:00:00','2023-04-15 00:00:00',17,3),(396,'2023-04-15 00:00:00','2023-04-15 00:00:00',15,4),(397,'2023-04-15 00:00:00','2023-04-15 00:00:00',18,5),(398,'2023-04-15 00:00:00','2023-04-15 00:00:00',23,6),(399,'2023-04-15 00:00:00','2023-04-15 00:00:00',18,7),(400,'2023-04-15 00:00:00','2023-04-15 00:00:00',13,8),(401,'2023-04-15 00:00:00','2023-04-15 00:00:00',4,9),(402,'2023-04-15 00:00:00','2023-04-15 00:00:00',16,10),(403,'2023-04-15 00:00:00','2023-04-15 00:00:00',9,11),(404,'2023-04-15 00:00:00','2023-04-15 00:00:00',16,12),(405,'2023-04-15 00:00:00','2023-04-15 00:00:00',3,13),(406,'2023-04-15 00:00:00','2023-04-15 00:00:00',6,14),(407,'2023-04-15 00:00:00','2023-04-15 00:00:00',9,15),(408,'2023-04-15 00:00:00','2023-04-15 00:00:00',22,16),(409,'2023-04-15 00:00:00','2023-04-15 00:00:00',25,17),(410,'2023-04-15 00:00:00','2023-04-15 00:00:00',7,18),(411,'2023-04-15 00:00:00','2023-04-15 00:00:00',22,19),(412,'2023-04-15 00:00:00','2023-04-15 00:00:00',5,20),(413,'2023-04-15 00:00:00','2023-04-15 00:00:00',7,21),(414,'2023-04-15 00:00:00','2023-04-15 00:00:00',2,22),(415,'2023-04-15 00:00:00','2023-04-15 00:00:00',20,23),(416,'2023-04-15 00:00:00','2023-04-15 00:00:00',10,24),(417,'2023-04-15 00:00:00','2023-04-15 00:00:00',8,25),(418,'2023-04-15 00:00:00','2023-04-15 00:00:00',2,26),(419,'2023-04-15 00:00:00','2023-04-15 00:00:00',18,27),(420,'2023-04-15 00:00:00','2023-04-15 00:00:00',6,28),(421,'2023-04-16 00:00:00','2023-04-16 00:00:00',10,1),(422,'2023-04-16 00:00:00','2023-04-16 00:00:00',20,2),(423,'2023-04-16 00:00:00','2023-04-16 00:00:00',9,3),(424,'2023-04-16 00:00:00','2023-04-16 00:00:00',3,4),(425,'2023-04-16 00:00:00','2023-04-16 00:00:00',6,5),(426,'2023-04-16 00:00:00','2023-04-16 00:00:00',3,6),(427,'2023-04-16 00:00:00','2023-04-16 00:00:00',17,7),(428,'2023-04-16 00:00:00','2023-04-16 00:00:00',13,8),(429,'2023-04-16 00:00:00','2023-04-16 00:00:00',25,9),(430,'2023-04-16 00:00:00','2023-04-16 00:00:00',1,10),(431,'2023-04-16 00:00:00','2023-04-16 00:00:00',24,11),(432,'2023-04-16 00:00:00','2023-04-16 00:00:00',14,12),(433,'2023-04-16 00:00:00','2023-04-16 00:00:00',19,13),(434,'2023-04-16 00:00:00','2023-04-16 00:00:00',21,14),(435,'2023-04-16 00:00:00','2023-04-16 00:00:00',4,15),(436,'2023-04-16 00:00:00','2023-04-16 00:00:00',25,16),(437,'2023-04-16 00:00:00','2023-04-16 00:00:00',7,17),(438,'2023-04-16 00:00:00','2023-04-16 00:00:00',24,18),(439,'2023-04-16 00:00:00','2023-04-16 00:00:00',1,19),(440,'2023-04-16 00:00:00','2023-04-16 00:00:00',9,20),(441,'2023-04-16 00:00:00','2023-04-16 00:00:00',24,21),(442,'2023-04-16 00:00:00','2023-04-16 00:00:00',1,22),(443,'2023-04-16 00:00:00','2023-04-16 00:00:00',18,23),(444,'2023-04-16 00:00:00','2023-04-16 00:00:00',11,24),(445,'2023-04-16 00:00:00','2023-04-16 00:00:00',11,25),(446,'2023-04-16 00:00:00','2023-04-16 00:00:00',24,26),(447,'2023-04-16 00:00:00','2023-04-16 00:00:00',5,27),(448,'2023-04-16 00:00:00','2023-04-16 00:00:00',1,28),(449,'2023-04-17 00:00:00','2023-04-17 00:00:00',16,1),(450,'2023-04-17 00:00:00','2023-04-17 00:00:00',2,2),(451,'2023-04-17 00:00:00','2023-04-17 00:00:00',25,3),(452,'2023-04-17 00:00:00','2023-04-17 00:00:00',7,4),(453,'2023-04-17 00:00:00','2023-04-17 00:00:00',20,5),(454,'2023-04-17 00:00:00','2023-04-17 00:00:00',4,6),(455,'2023-04-17 00:00:00','2023-04-17 00:00:00',5,7),(456,'2023-04-17 00:00:00','2023-04-17 00:00:00',4,8),(457,'2023-04-17 00:00:00','2023-04-17 00:00:00',19,9),(458,'2023-04-17 00:00:00','2023-04-17 00:00:00',23,10),(459,'2023-04-17 00:00:00','2023-04-17 00:00:00',19,11),(460,'2023-04-17 00:00:00','2023-04-17 00:00:00',14,12),(461,'2023-04-17 00:00:00','2023-04-17 00:00:00',17,13),(462,'2023-04-17 00:00:00','2023-04-17 00:00:00',21,14),(463,'2023-04-17 00:00:00','2023-04-17 00:00:00',1,15),(464,'2023-04-17 00:00:00','2023-04-17 00:00:00',5,16),(465,'2023-04-17 00:00:00','2023-04-17 00:00:00',12,17),(466,'2023-04-17 00:00:00','2023-04-17 00:00:00',21,18),(467,'2023-04-17 00:00:00','2023-04-17 00:00:00',17,19),(468,'2023-04-17 00:00:00','2023-04-17 00:00:00',4,20),(469,'2023-04-17 00:00:00','2023-04-17 00:00:00',5,21),(470,'2023-04-17 00:00:00','2023-04-17 00:00:00',19,22),(471,'2023-04-17 00:00:00','2023-04-17 00:00:00',13,23),(472,'2023-04-17 00:00:00','2023-04-17 00:00:00',1,24),(473,'2023-04-17 00:00:00','2023-04-17 00:00:00',8,25),(474,'2023-04-17 00:00:00','2023-04-17 00:00:00',24,26),(475,'2023-04-17 00:00:00','2023-04-17 00:00:00',23,27),(476,'2023-04-17 00:00:00','2023-04-17 00:00:00',19,28),(477,'2023-04-18 00:00:00','2023-04-18 00:00:00',4,1),(478,'2023-04-18 00:00:00','2023-04-18 00:00:00',11,2),(479,'2023-04-18 00:00:00','2023-04-18 00:00:00',6,3),(480,'2023-04-18 00:00:00','2023-04-18 00:00:00',7,4),(481,'2023-04-18 00:00:00','2023-04-18 00:00:00',25,5),(482,'2023-04-18 00:00:00','2023-04-18 00:00:00',16,6),(483,'2023-04-18 00:00:00','2023-04-18 00:00:00',12,7),(484,'2023-04-18 00:00:00','2023-04-18 00:00:00',25,8),(485,'2023-04-18 00:00:00','2023-04-18 00:00:00',25,9),(486,'2023-04-18 00:00:00','2023-04-18 00:00:00',19,10),(487,'2023-04-18 00:00:00','2023-04-18 00:00:00',14,11),(488,'2023-04-18 00:00:00','2023-04-18 00:00:00',3,12),(489,'2023-04-18 00:00:00','2023-04-18 00:00:00',23,13),(490,'2023-04-18 00:00:00','2023-04-18 00:00:00',23,14),(491,'2023-04-18 00:00:00','2023-04-18 00:00:00',22,15),(492,'2023-04-18 00:00:00','2023-04-18 00:00:00',17,16),(493,'2023-04-18 00:00:00','2023-04-18 00:00:00',7,17),(494,'2023-04-18 00:00:00','2023-04-18 00:00:00',19,18),(495,'2023-04-18 00:00:00','2023-04-18 00:00:00',22,19),(496,'2023-04-18 00:00:00','2023-04-18 00:00:00',5,20),(497,'2023-04-18 00:00:00','2023-04-18 00:00:00',23,21),(498,'2023-04-18 00:00:00','2023-04-18 00:00:00',7,22),(499,'2023-04-18 00:00:00','2023-04-18 00:00:00',2,23),(500,'2023-04-18 00:00:00','2023-04-18 00:00:00',24,24),(501,'2023-04-18 00:00:00','2023-04-18 00:00:00',4,25),(502,'2023-04-18 00:00:00','2023-04-18 00:00:00',20,26),(503,'2023-04-18 00:00:00','2023-04-18 00:00:00',25,27),(504,'2023-04-18 00:00:00','2023-04-18 00:00:00',16,28),(505,'2023-04-19 00:00:00','2023-04-19 00:00:00',13,1),(506,'2023-04-19 00:00:00','2023-04-19 00:00:00',10,2),(507,'2023-04-19 00:00:00','2023-04-19 00:00:00',10,3),(508,'2023-04-19 00:00:00','2023-04-19 00:00:00',20,4),(509,'2023-04-19 00:00:00','2023-04-19 00:00:00',9,5),(510,'2023-04-19 00:00:00','2023-04-19 00:00:00',3,6),(511,'2023-04-19 00:00:00','2023-04-19 00:00:00',6,7),(512,'2023-04-19 00:00:00','2023-04-19 00:00:00',19,8),(513,'2023-04-19 00:00:00','2023-04-19 00:00:00',20,9),(514,'2023-04-19 00:00:00','2023-04-19 00:00:00',4,10),(515,'2023-04-19 00:00:00','2023-04-19 00:00:00',13,11),(516,'2023-04-19 00:00:00','2023-04-19 00:00:00',23,12),(517,'2023-04-19 00:00:00','2023-04-19 00:00:00',14,13),(518,'2023-04-19 00:00:00','2023-04-19 00:00:00',11,14),(519,'2023-04-19 00:00:00','2023-04-19 00:00:00',21,15),(520,'2023-04-19 00:00:00','2023-04-19 00:00:00',7,16),(521,'2023-04-19 00:00:00','2023-04-19 00:00:00',3,17),(522,'2023-04-19 00:00:00','2023-04-19 00:00:00',8,18),(523,'2023-04-19 00:00:00','2023-04-19 00:00:00',23,19),(524,'2023-04-19 00:00:00','2023-04-19 00:00:00',21,20),(525,'2023-04-19 00:00:00','2023-04-19 00:00:00',1,21),(526,'2023-04-19 00:00:00','2023-04-19 00:00:00',21,22),(527,'2023-04-19 00:00:00','2023-04-19 00:00:00',19,23),(528,'2023-04-19 00:00:00','2023-04-19 00:00:00',8,24),(529,'2023-04-19 00:00:00','2023-04-19 00:00:00',12,25),(530,'2023-04-19 00:00:00','2023-04-19 00:00:00',19,26),(531,'2023-04-19 00:00:00','2023-04-19 00:00:00',7,27),(532,'2023-04-19 00:00:00','2023-04-19 00:00:00',13,28),(533,'2023-04-20 00:00:00','2023-04-20 00:00:00',22,1),(534,'2023-04-20 00:00:00','2023-04-20 00:00:00',5,2),(535,'2023-04-20 00:00:00','2023-04-20 00:00:00',18,3),(536,'2023-04-20 00:00:00','2023-04-20 00:00:00',4,4),(537,'2023-04-20 00:00:00','2023-04-20 00:00:00',25,5),(538,'2023-04-20 00:00:00','2023-04-20 00:00:00',8,6),(539,'2023-04-20 00:00:00','2023-04-20 00:00:00',12,7),(540,'2023-04-20 00:00:00','2023-04-20 00:00:00',25,8),(541,'2023-04-20 00:00:00','2023-04-20 00:00:00',10,9),(542,'2023-04-20 00:00:00','2023-04-20 00:00:00',10,10),(543,'2023-04-20 00:00:00','2023-04-20 00:00:00',3,11),(544,'2023-04-20 00:00:00','2023-04-20 00:00:00',17,12),(545,'2023-04-20 00:00:00','2023-04-20 00:00:00',25,13),(546,'2023-04-20 00:00:00','2023-04-20 00:00:00',22,14),(547,'2023-04-20 00:00:00','2023-04-20 00:00:00',23,15),(548,'2023-04-20 00:00:00','2023-04-20 00:00:00',10,16),(549,'2023-04-20 00:00:00','2023-04-20 00:00:00',10,17),(550,'2023-04-20 00:00:00','2023-04-20 00:00:00',3,18),(551,'2023-04-20 00:00:00','2023-04-20 00:00:00',21,19),(552,'2023-04-20 00:00:00','2023-04-20 00:00:00',14,20),(553,'2023-04-20 00:00:00','2023-04-20 00:00:00',18,21),(554,'2023-04-20 00:00:00','2023-04-20 00:00:00',25,22),(555,'2023-04-20 00:00:00','2023-04-20 00:00:00',6,23),(556,'2023-04-20 00:00:00','2023-04-20 00:00:00',4,24),(557,'2023-04-20 00:00:00','2023-04-20 00:00:00',9,25),(558,'2023-04-20 00:00:00','2023-04-20 00:00:00',13,26),(559,'2023-04-20 00:00:00','2023-04-20 00:00:00',15,27),(560,'2023-04-20 00:00:00','2023-04-20 00:00:00',15,28),(561,'2023-04-21 00:00:00','2023-04-21 00:00:00',18,1),(562,'2023-04-21 00:00:00','2023-04-21 00:00:00',23,2),(563,'2023-04-21 00:00:00','2023-04-21 00:00:00',7,3),(564,'2023-04-21 00:00:00','2023-04-21 00:00:00',12,4),(565,'2023-04-21 00:00:00','2023-04-21 00:00:00',21,5),(566,'2023-04-21 00:00:00','2023-04-21 00:00:00',11,6),(567,'2023-04-21 00:00:00','2023-04-21 00:00:00',16,7),(568,'2023-04-21 00:00:00','2023-04-21 00:00:00',10,8),(569,'2023-04-21 00:00:00','2023-04-21 00:00:00',17,9),(570,'2023-04-21 00:00:00','2023-04-21 00:00:00',12,10),(571,'2023-04-21 00:00:00','2023-04-21 00:00:00',3,11),(572,'2023-04-21 00:00:00','2023-04-21 00:00:00',23,12),(573,'2023-04-21 00:00:00','2023-04-21 00:00:00',14,13),(574,'2023-04-21 00:00:00','2023-04-21 00:00:00',14,14),(575,'2023-04-21 00:00:00','2023-04-21 00:00:00',6,15),(576,'2023-04-21 00:00:00','2023-04-21 00:00:00',3,16),(577,'2023-04-21 00:00:00','2023-04-21 00:00:00',4,17),(578,'2023-04-21 00:00:00','2023-04-21 00:00:00',15,18),(579,'2023-04-21 00:00:00','2023-04-21 00:00:00',11,19),(580,'2023-04-21 00:00:00','2023-04-21 00:00:00',6,20),(581,'2023-04-21 00:00:00','2023-04-21 00:00:00',6,21),(582,'2023-04-21 00:00:00','2023-04-21 00:00:00',6,22),(583,'2023-04-21 00:00:00','2023-04-21 00:00:00',21,23),(584,'2023-04-21 00:00:00','2023-04-21 00:00:00',23,24),(585,'2023-04-21 00:00:00','2023-04-21 00:00:00',7,25),(586,'2023-04-21 00:00:00','2023-04-21 00:00:00',13,26),(587,'2023-04-21 00:00:00','2023-04-21 00:00:00',1,27),(588,'2023-04-21 00:00:00','2023-04-21 00:00:00',7,28),(589,'2023-04-22 00:00:00','2023-04-22 00:00:00',13,1),(590,'2023-04-22 00:00:00','2023-04-22 00:00:00',21,2),(591,'2023-04-22 00:00:00','2023-04-22 00:00:00',8,3),(592,'2023-04-22 00:00:00','2023-04-22 00:00:00',18,4),(593,'2023-04-22 00:00:00','2023-04-22 00:00:00',16,5),(594,'2023-04-22 00:00:00','2023-04-22 00:00:00',23,6),(595,'2023-04-22 00:00:00','2023-04-22 00:00:00',1,7),(596,'2023-04-22 00:00:00','2023-04-22 00:00:00',5,8),(597,'2023-04-22 00:00:00','2023-04-22 00:00:00',11,9),(598,'2023-04-22 00:00:00','2023-04-22 00:00:00',23,10),(599,'2023-04-22 00:00:00','2023-04-22 00:00:00',19,11),(600,'2023-04-22 00:00:00','2023-04-22 00:00:00',5,12),(601,'2023-04-22 00:00:00','2023-04-22 00:00:00',10,13),(602,'2023-04-22 00:00:00','2023-04-22 00:00:00',2,14),(603,'2023-04-22 00:00:00','2023-04-22 00:00:00',21,15),(604,'2023-04-22 00:00:00','2023-04-22 00:00:00',12,16),(605,'2023-04-22 00:00:00','2023-04-22 00:00:00',22,17),(606,'2023-04-22 00:00:00','2023-04-22 00:00:00',12,18),(607,'2023-04-22 00:00:00','2023-04-22 00:00:00',10,19),(608,'2023-04-22 00:00:00','2023-04-22 00:00:00',22,20),(609,'2023-04-22 00:00:00','2023-04-22 00:00:00',20,21),(610,'2023-04-22 00:00:00','2023-04-22 00:00:00',5,22),(611,'2023-04-22 00:00:00','2023-04-22 00:00:00',8,23),(612,'2023-04-22 00:00:00','2023-04-22 00:00:00',9,24),(613,'2023-04-22 00:00:00','2023-04-22 00:00:00',5,25),(614,'2023-04-22 00:00:00','2023-04-22 00:00:00',12,26),(615,'2023-04-22 00:00:00','2023-04-22 00:00:00',24,27),(616,'2023-04-22 00:00:00','2023-04-22 00:00:00',10,28),(617,'2023-04-23 00:00:00','2023-04-23 00:00:00',3,1),(618,'2023-04-23 00:00:00','2023-04-23 00:00:00',12,2),(619,'2023-04-23 00:00:00','2023-04-23 00:00:00',15,3),(620,'2023-04-23 00:00:00','2023-04-23 00:00:00',7,4),(621,'2023-04-23 00:00:00','2023-04-23 00:00:00',13,5),(622,'2023-04-23 00:00:00','2023-04-23 00:00:00',13,6),(623,'2023-04-23 00:00:00','2023-04-23 00:00:00',5,7),(624,'2023-04-23 00:00:00','2023-04-23 00:00:00',14,8),(625,'2023-04-23 00:00:00','2023-04-23 00:00:00',8,9),(626,'2023-04-23 00:00:00','2023-04-23 00:00:00',19,10),(627,'2023-04-23 00:00:00','2023-04-23 00:00:00',5,11),(628,'2023-04-23 00:00:00','2023-04-23 00:00:00',4,12),(629,'2023-04-23 00:00:00','2023-04-23 00:00:00',7,13),(630,'2023-04-23 00:00:00','2023-04-23 00:00:00',13,14),(631,'2023-04-23 00:00:00','2023-04-23 00:00:00',3,15),(632,'2023-04-23 00:00:00','2023-04-23 00:00:00',24,16),(633,'2023-04-23 00:00:00','2023-04-23 00:00:00',6,17),(634,'2023-04-23 00:00:00','2023-04-23 00:00:00',9,18),(635,'2023-04-23 00:00:00','2023-04-23 00:00:00',2,19),(636,'2023-04-23 00:00:00','2023-04-23 00:00:00',25,20),(637,'2023-04-23 00:00:00','2023-04-23 00:00:00',21,21),(638,'2023-04-23 00:00:00','2023-04-23 00:00:00',12,22),(639,'2023-04-23 00:00:00','2023-04-23 00:00:00',21,23),(640,'2023-04-23 00:00:00','2023-04-23 00:00:00',15,24),(641,'2023-04-23 00:00:00','2023-04-23 00:00:00',19,25),(642,'2023-04-23 00:00:00','2023-04-23 00:00:00',19,26),(643,'2023-04-23 00:00:00','2023-04-23 00:00:00',20,27),(644,'2023-04-23 00:00:00','2023-04-23 00:00:00',14,28),(645,'2023-04-24 00:00:00','2023-04-24 00:00:00',16,1),(646,'2023-04-24 00:00:00','2023-04-24 00:00:00',17,2),(647,'2023-04-24 00:00:00','2023-04-24 00:00:00',6,3),(648,'2023-04-24 00:00:00','2023-04-24 00:00:00',19,4),(649,'2023-04-24 00:00:00','2023-04-24 00:00:00',12,5),(650,'2023-04-24 00:00:00','2023-04-24 00:00:00',12,6),(651,'2023-04-24 00:00:00','2023-04-24 00:00:00',14,7),(652,'2023-04-24 00:00:00','2023-04-24 00:00:00',15,8),(653,'2023-04-24 00:00:00','2023-04-24 00:00:00',18,9),(654,'2023-04-24 00:00:00','2023-04-24 00:00:00',19,10),(655,'2023-04-24 00:00:00','2023-04-24 00:00:00',18,11),(656,'2023-04-24 00:00:00','2023-04-24 00:00:00',18,12),(657,'2023-04-24 00:00:00','2023-04-24 00:00:00',6,13),(658,'2023-04-24 00:00:00','2023-04-24 00:00:00',9,14),(659,'2023-04-24 00:00:00','2023-04-24 00:00:00',15,15),(660,'2023-04-24 00:00:00','2023-04-24 00:00:00',1,16),(661,'2023-04-24 00:00:00','2023-04-24 00:00:00',3,17),(662,'2023-04-24 00:00:00','2023-04-24 00:00:00',6,18),(663,'2023-04-24 00:00:00','2023-04-24 00:00:00',3,19),(664,'2023-04-24 00:00:00','2023-04-24 00:00:00',7,20),(665,'2023-04-24 00:00:00','2023-04-24 00:00:00',17,21),(666,'2023-04-24 00:00:00','2023-04-24 00:00:00',23,22),(667,'2023-04-24 00:00:00','2023-04-24 00:00:00',14,23),(668,'2023-04-24 00:00:00','2023-04-24 00:00:00',10,24),(669,'2023-04-24 00:00:00','2023-04-24 00:00:00',19,25),(670,'2023-04-24 00:00:00','2023-04-24 00:00:00',7,26),(671,'2023-04-24 00:00:00','2023-04-24 00:00:00',1,27),(672,'2023-04-24 00:00:00','2023-04-24 00:00:00',11,28),(673,'2023-04-25 00:00:00','2023-04-25 00:00:00',17,1),(674,'2023-04-25 00:00:00','2023-04-25 00:00:00',14,2),(675,'2023-04-25 00:00:00','2023-04-25 00:00:00',4,3),(676,'2023-04-25 00:00:00','2023-04-25 00:00:00',7,4),(677,'2023-04-25 00:00:00','2023-04-25 00:00:00',25,5),(678,'2023-04-25 00:00:00','2023-04-25 00:00:00',20,6),(679,'2023-04-25 00:00:00','2023-04-25 00:00:00',22,7),(680,'2023-04-25 00:00:00','2023-04-25 00:00:00',19,8),(681,'2023-04-25 00:00:00','2023-04-25 00:00:00',13,9),(682,'2023-04-25 00:00:00','2023-04-25 00:00:00',6,10),(683,'2023-04-25 00:00:00','2023-04-25 00:00:00',24,11),(684,'2023-04-25 00:00:00','2023-04-25 00:00:00',12,12),(685,'2023-04-25 00:00:00','2023-04-25 00:00:00',6,13),(686,'2023-04-25 00:00:00','2023-04-25 00:00:00',24,14),(687,'2023-04-25 00:00:00','2023-04-25 00:00:00',7,15),(688,'2023-04-25 00:00:00','2023-04-25 00:00:00',17,16),(689,'2023-04-25 00:00:00','2023-04-25 00:00:00',2,17),(690,'2023-04-25 00:00:00','2023-04-25 00:00:00',3,18),(691,'2023-04-25 00:00:00','2023-04-25 00:00:00',10,19),(692,'2023-04-25 00:00:00','2023-04-25 00:00:00',3,20),(693,'2023-04-25 00:00:00','2023-04-25 00:00:00',15,21),(694,'2023-04-25 00:00:00','2023-04-25 00:00:00',17,22),(695,'2023-04-25 00:00:00','2023-04-25 00:00:00',19,23),(696,'2023-04-25 00:00:00','2023-04-25 00:00:00',5,24),(697,'2023-04-25 00:00:00','2023-04-25 00:00:00',11,25),(698,'2023-04-25 00:00:00','2023-04-25 00:00:00',17,26),(699,'2023-04-25 00:00:00','2023-04-25 00:00:00',8,27),(700,'2023-04-25 00:00:00','2023-04-25 00:00:00',25,28),(701,'2023-04-26 00:00:00','2023-04-26 00:00:00',25,1),(702,'2023-04-26 00:00:00','2023-04-26 00:00:00',22,2),(703,'2023-04-26 00:00:00','2023-04-26 00:00:00',22,3),(704,'2023-04-26 00:00:00','2023-04-26 00:00:00',20,4),(705,'2023-04-26 00:00:00','2023-04-26 00:00:00',1,5),(706,'2023-04-26 00:00:00','2023-04-26 00:00:00',2,6),(707,'2023-04-26 00:00:00','2023-04-26 00:00:00',15,7),(708,'2023-04-26 00:00:00','2023-04-26 00:00:00',13,8),(709,'2023-04-26 00:00:00','2023-04-26 00:00:00',2,9),(710,'2023-04-26 00:00:00','2023-04-26 00:00:00',20,10),(711,'2023-04-26 00:00:00','2023-04-26 00:00:00',7,11),(712,'2023-04-26 00:00:00','2023-04-26 00:00:00',11,12),(713,'2023-04-26 00:00:00','2023-04-26 00:00:00',14,13),(714,'2023-04-26 00:00:00','2023-04-26 00:00:00',16,14),(715,'2023-04-26 00:00:00','2023-04-26 00:00:00',15,15),(716,'2023-04-26 00:00:00','2023-04-26 00:00:00',12,16),(717,'2023-04-26 00:00:00','2023-04-26 00:00:00',15,17),(718,'2023-04-26 00:00:00','2023-04-26 00:00:00',8,18),(719,'2023-04-26 00:00:00','2023-04-26 00:00:00',17,19),(720,'2023-04-26 00:00:00','2023-04-26 00:00:00',16,20),(721,'2023-04-26 00:00:00','2023-04-26 00:00:00',13,21),(722,'2023-04-26 00:00:00','2023-04-26 00:00:00',14,22),(723,'2023-04-26 00:00:00','2023-04-26 00:00:00',20,23),(724,'2023-04-26 00:00:00','2023-04-26 00:00:00',15,24),(725,'2023-04-26 00:00:00','2023-04-26 00:00:00',25,25),(726,'2023-04-26 00:00:00','2023-04-26 00:00:00',9,26),(727,'2023-04-26 00:00:00','2023-04-26 00:00:00',1,27),(728,'2023-04-26 00:00:00','2023-04-26 00:00:00',24,28),(729,'2023-04-27 00:00:00','2023-04-27 00:00:00',12,1),(730,'2023-04-27 00:00:00','2023-04-27 00:00:00',2,2),(731,'2023-04-27 00:00:00','2023-04-27 00:00:00',5,3),(732,'2023-04-27 00:00:00','2023-04-27 00:00:00',16,4),(733,'2023-04-27 00:00:00','2023-04-27 00:00:00',13,5),(734,'2023-04-27 00:00:00','2023-04-27 00:00:00',4,6),(735,'2023-04-27 00:00:00','2023-04-27 00:00:00',15,7),(736,'2023-04-27 00:00:00','2023-04-27 00:00:00',1,8),(737,'2023-04-27 00:00:00','2023-04-27 00:00:00',23,9),(738,'2023-04-27 00:00:00','2023-04-27 00:00:00',1,10),(739,'2023-04-27 00:00:00','2023-04-27 00:00:00',8,11),(740,'2023-04-27 00:00:00','2023-04-27 00:00:00',7,12),(741,'2023-04-27 00:00:00','2023-04-27 00:00:00',13,13),(742,'2023-04-27 00:00:00','2023-04-27 00:00:00',19,14),(743,'2023-04-27 00:00:00','2023-04-27 00:00:00',25,15),(744,'2023-04-27 00:00:00','2023-04-27 00:00:00',14,16),(745,'2023-04-27 00:00:00','2023-04-27 00:00:00',19,17),(746,'2023-04-27 00:00:00','2023-04-27 00:00:00',15,18),(747,'2023-04-27 00:00:00','2023-04-27 00:00:00',24,19),(748,'2023-04-27 00:00:00','2023-04-27 00:00:00',20,20),(749,'2023-04-27 00:00:00','2023-04-27 00:00:00',24,21),(750,'2023-04-27 00:00:00','2023-04-27 00:00:00',25,22),(751,'2023-04-27 00:00:00','2023-04-27 00:00:00',10,23),(752,'2023-04-27 00:00:00','2023-04-27 00:00:00',16,24),(753,'2023-04-27 00:00:00','2023-04-27 00:00:00',20,25),(754,'2023-04-27 00:00:00','2023-04-27 00:00:00',21,26),(755,'2023-04-27 00:00:00','2023-04-27 00:00:00',7,27),(756,'2023-04-27 00:00:00','2023-04-27 00:00:00',25,28),(757,'2023-04-28 00:00:00','2023-04-28 00:00:00',1,1),(758,'2023-04-28 00:00:00','2023-04-28 00:00:00',5,2),(759,'2023-04-28 00:00:00','2023-04-28 00:00:00',15,3),(760,'2023-04-28 00:00:00','2023-04-28 00:00:00',11,4),(761,'2023-04-28 00:00:00','2023-04-28 00:00:00',22,5),(762,'2023-04-28 00:00:00','2023-04-28 00:00:00',11,6),(763,'2023-04-28 00:00:00','2023-04-28 00:00:00',8,7),(764,'2023-04-28 00:00:00','2023-04-28 00:00:00',25,8),(765,'2023-04-28 00:00:00','2023-04-28 00:00:00',18,9),(766,'2023-04-28 00:00:00','2023-04-28 00:00:00',24,10),(767,'2023-04-28 00:00:00','2023-04-28 00:00:00',13,11),(768,'2023-04-28 00:00:00','2023-04-28 00:00:00',18,12),(769,'2023-04-28 00:00:00','2023-04-28 00:00:00',8,13),(770,'2023-04-28 00:00:00','2023-04-28 00:00:00',5,14),(771,'2023-04-28 00:00:00','2023-04-28 00:00:00',21,15),(772,'2023-04-28 00:00:00','2023-04-28 00:00:00',8,16),(773,'2023-04-28 00:00:00','2023-04-28 00:00:00',6,17),(774,'2023-04-28 00:00:00','2023-04-28 00:00:00',14,18),(775,'2023-04-28 00:00:00','2023-04-28 00:00:00',8,19),(776,'2023-04-28 00:00:00','2023-04-28 00:00:00',14,20),(777,'2023-04-28 00:00:00','2023-04-28 00:00:00',24,21),(778,'2023-04-28 00:00:00','2023-04-28 00:00:00',4,22),(779,'2023-04-28 00:00:00','2023-04-28 00:00:00',12,23),(780,'2023-04-28 00:00:00','2023-04-28 00:00:00',12,24),(781,'2023-04-28 00:00:00','2023-04-28 00:00:00',12,25),(782,'2023-04-28 00:00:00','2023-04-28 00:00:00',12,26),(783,'2023-04-28 00:00:00','2023-04-28 00:00:00',10,27),(784,'2023-04-28 00:00:00','2023-04-28 00:00:00',25,28),(785,'2023-04-29 00:00:00','2023-04-29 00:00:00',14,1),(786,'2023-04-29 00:00:00','2023-04-29 00:00:00',17,2),(787,'2023-04-29 00:00:00','2023-04-29 00:00:00',12,3),(788,'2023-04-29 00:00:00','2023-04-29 00:00:00',14,4),(789,'2023-04-29 00:00:00','2023-04-29 00:00:00',16,5),(790,'2023-04-29 00:00:00','2023-04-29 00:00:00',5,6),(791,'2023-04-29 00:00:00','2023-04-29 00:00:00',3,7),(792,'2023-04-29 00:00:00','2023-04-29 00:00:00',17,8),(793,'2023-04-29 00:00:00','2023-04-29 00:00:00',18,9),(794,'2023-04-29 00:00:00','2023-04-29 00:00:00',3,10),(795,'2023-04-29 00:00:00','2023-04-29 00:00:00',6,11),(796,'2023-04-29 00:00:00','2023-04-29 00:00:00',19,12),(797,'2023-04-29 00:00:00','2023-04-29 00:00:00',20,13),(798,'2023-04-29 00:00:00','2023-04-29 00:00:00',23,14),(799,'2023-04-29 00:00:00','2023-04-29 00:00:00',3,15),(800,'2023-04-29 00:00:00','2023-04-29 00:00:00',25,16),(801,'2023-04-29 00:00:00','2023-04-29 00:00:00',25,17),(802,'2023-04-29 00:00:00','2023-04-29 00:00:00',5,18),(803,'2023-04-29 00:00:00','2023-04-29 00:00:00',23,19),(804,'2023-04-29 00:00:00','2023-04-29 00:00:00',23,20),(805,'2023-04-29 00:00:00','2023-04-29 00:00:00',4,21),(806,'2023-04-29 00:00:00','2023-04-29 00:00:00',1,22),(807,'2023-04-29 00:00:00','2023-04-29 00:00:00',23,23),(808,'2023-04-29 00:00:00','2023-04-29 00:00:00',6,24),(809,'2023-04-29 00:00:00','2023-04-29 00:00:00',7,25),(810,'2023-04-29 00:00:00','2023-04-29 00:00:00',15,26),(811,'2023-04-29 00:00:00','2023-04-29 00:00:00',15,27),(812,'2023-04-29 00:00:00','2023-04-29 00:00:00',23,28);
/*!40000 ALTER TABLE `dining_session` ENABLE KEYS */;
UNLOCK TABLES;

--
-- Table structure for table `dish`
--

DROP TABLE IF EXISTS `dish`;
/*!40101 SET @saved_cs_client     = @@character_set_client */;
/*!50503 SET character_set_client = utf8mb4 */;
CREATE TABLE `dish` (
  `dishId` int NOT NULL AUTO_INCREMENT,
  `name` varchar(60) NOT NULL,
  `price` double(9,2) NOT NULL,
  `timeToPrepare` int NOT NULL,
  PRIMARY KEY (`dishId`)
) ENGINE=InnoDB AUTO_INCREMENT=26 DEFAULT CHARSET=utf8mb4 COLLATE=utf8mb4_0900_ai_ci;
/*!40101 SET character_set_client = @saved_cs_client */;

--
-- Dumping data for table `dish`
--

LOCK TABLES `dish` WRITE;
/*!40000 ALTER TABLE `dish` DISABLE KEYS */;
INSERT INTO `dish` VALUES (1,'Brazilian Feijoada',12.99,90),(2,'Baio De Dois (Beans And Rice)',9.99,60),(3,'Iranian Kabab Koobideh',14.99,75),(4,'Loobia Polo',11.99,60),(5,'Daal Bhat (Lentils And Rice)',8.99,45),(6,'Momo',10.99,50),(7,'Biriyani',12.99,80),(8,'Tandoori Chicken',13.99,70),(9,'Tamales',9.99,55),(10,'Tacos',8.99,40),(11,'Indian Butter Chicken',14.99,85),(12,'Mexican Tacos Al Pastor',11.99,70),(13,'Nepalese Momo',10.99,60),(14,'Brazilian Coxinha',9.99,50),(15,'Iranian Fesenjan',13.99,80),(16,'Nepalese Chana Masala',10.99,55),(17,'Indian Saag Paneer',12.99,70),(18,'Mexican Chiles Rellenos',11.99,75),(19,'Brazilian Brigadeiro',4.99,30),(20,'Iranian Shir Berenj',6.99,40),(21,'Brigadeiro',3.99,25),(22,'Gulab Jaman',5.99,35),(23,'Faloodeh',4.99,30),(24,'Jericalla',6.99,45),(25,'Yomari',5.99,35);
/*!40000 ALTER TABLE `dish` ENABLE KEYS */;
UNLOCK TABLES;

--
-- Table structure for table `dish_ingredient`
--

DROP TABLE IF EXISTS `dish_ingredient`;
/*!40101 SET @saved_cs_client     = @@character_set_client */;
/*!50503 SET character_set_client = utf8mb4 */;
CREATE TABLE `dish_ingredient` (
  `dishId` int NOT NULL,
  `ingredientId` int NOT NULL,
  `ingredientQuantity` int NOT NULL,
  KEY `dishId` (`dishId`),
  KEY `ingredientId` (`ingredientId`),
  CONSTRAINT `dish_ingredient_ibfk_1` FOREIGN KEY (`dishId`) REFERENCES `dish` (`dishId`),
  CONSTRAINT `dish_ingredient_ibfk_2` FOREIGN KEY (`ingredientId`) REFERENCES `ingredient` (`ingredientId`)
) ENGINE=InnoDB DEFAULT CHARSET=utf8mb4 COLLATE=utf8mb4_0900_ai_ci;
/*!40101 SET character_set_client = @saved_cs_client */;

--
-- Dumping data for table `dish_ingredient`
--

LOCK TABLES `dish_ingredient` WRITE;
/*!40000 ALTER TABLE `dish_ingredient` DISABLE KEYS */;
INSERT INTO `dish_ingredient` VALUES (1,1,2),(1,2,2),(1,3,1),(1,4,1),(1,5,1),(1,6,4),(1,7,2),(1,8,1),(1,9,1),(1,10,2),(1,11,2),(1,12,1),(1,13,1),(2,3,1),(2,5,1),(2,6,3),(2,13,1),(2,14,1),(2,11,1),(2,15,1),(2,8,1),(2,9,1),(3,16,1),(3,5,1),(3,8,1),(3,9,1),(3,17,1),(3,18,1),(3,19,2),(3,11,1),(4,11,2),(4,20,1),(4,16,1),(4,8,1),(4,9,1),(4,5,1),(4,21,1),(4,8,1),(5,25,2),(5,11,2),(5,22,1),(5,5,2),(5,6,4),(5,23,1),(5,24,1),(5,17,1),(5,8,1),(5,13,1),(6,52,2),(6,16,2),(6,13,1),(6,5,2),(6,6,4),(6,55,1),(6,17,1),(6,8,1),(6,9,1),(7,11,2),(7,27,2),(7,5,2),(7,58,1),(7,6,4),(7,55,1),(7,22,1),(7,23,1),(7,9,1),(7,53,1),(7,8,1),(7,24,1),(8,27,1),(8,53,1),(8,5,2),(8,49,1),(8,23,2),(8,64,1),(8,23,1),(8,30,1),(8,3,5),(8,8,1),(9,2,1),(9,5,1),(9,16,1),(9,47,1),(9,8,1),(9,53,1),(9,34,12),(10,15,1),(10,52,2),(10,5,2),(10,16,1),(10,19,2),(10,24,2),(10,8,1),(11,27,1),(11,22,1),(11,5,1),(11,6,2),(11,23,2),(11,19,1),(11,28,1),(11,24,1),(11,29,1),(11,17,1),(11,23,1),(11,30,1),(11,8,1),(11,9,1),(11,13,1),(11,31,2),(12,2,1),(12,32,1),(12,5,1),(12,6,1),(12,24,1),(12,17,1),(12,7,1),(12,30,1),(12,8,1),(12,9,1),(12,34,6),(12,13,1),(12,64,2),(12,33,1),(14,35,2),(14,36,1),(14,5,1),(14,6,2),(14,52,2),(14,37,1),(14,38,2),(14,8,1),(14,9,1),(14,39,1),(14,40,1),(14,41,1),(15,27,1),(15,42,2),(15,43,1),(15,5,2),(15,44,1),(15,45,1),(15,17,1),(15,18,1),(15,8,1),(15,9,1),(15,31,1),(16,61,1),(16,5,2),(16,6,2),(16,19,2),(16,17,1),(16,23,1),(16,24,1),(16,21,1),(16,33,1),(16,8,1),(16,9,1),(16,13,1),(16,31,1),(17,46,1),(17,47,1),(17,5,2),(17,6,2),(17,23,1),(17,29,1),(17,17,1),(17,23,1),(17,21,1),(17,24,1),(17,8,1),(17,9,1),(17,48,1),(17,31,1),(18,49,4),(18,16,1),(18,5,1),(18,6,2),(18,19,2),(18,50,3),(18,45,2),(18,17,2),(18,51,2),(18,52,1),(18,41,1),(19,40,1),(19,37,1),(19,38,1),(19,44,1),(20,11,2),(20,37,4),(20,44,1),(20,54,1),(20,55,1),(20,56,1),(20,57,1),(21,37,1),(21,55,2),(21,62,2),(21,38,1),(22,37,1),(22,44,1),(22,52,1),(22,53,1),(22,22,1),(22,55,1),(22,18,1),(23,44,1),(23,8,1),(23,64,2),(23,54,1),(23,63,2),(24,37,4),(24,44,1),(24,45,1),(24,54,1),(24,51,3),(24,65,3),(25,58,2),(25,59,1),(25,60,1),(25,22,1),(25,37,1);
/*!40000 ALTER TABLE `dish_ingredient` ENABLE KEYS */;
UNLOCK TABLES;

--
-- Table structure for table `employee`
--

DROP TABLE IF EXISTS `employee`;
/*!40101 SET @saved_cs_client     = @@character_set_client */;
/*!50503 SET character_set_client = utf8mb4 */;
CREATE TABLE `employee` (
  `employeeId` int NOT NULL,
  `ssn` varchar(12) NOT NULL,
  `address` varchar(100) NOT NULL,
  `dateHired` date NOT NULL,
  `phoneNumber` varchar(14) NOT NULL,
  PRIMARY KEY (`employeeId`),
  CONSTRAINT `employee_ibfk_1` FOREIGN KEY (`employeeId`) REFERENCES `person` (`personId`)
) ENGINE=InnoDB DEFAULT CHARSET=utf8mb4 COLLATE=utf8mb4_0900_ai_ci;
/*!40101 SET character_set_client = @saved_cs_client */;

--
-- Dumping data for table `employee`
--

LOCK TABLES `employee` WRITE;
/*!40000 ALTER TABLE `employee` DISABLE KEYS */;
INSERT INTO `employee` VALUES (29,'051-19-2546','84857 Smith Center\nNorth Samanthaburgh, MS 12570','2019-06-28','566-561-0847'),(30,'789-83-0696','625 Gregory Shore Apt. 478\nWellsberg, AK 12606','2008-05-30','024-474-7753'),(31,'551-60-9680','740 Wells Skyway\nHayesmouth, OK 26145','2015-03-11','489-588-5119'),(32,'151-57-3937','76999 Melton Center Apt. 275\nNew Rebecca, WA 88888','2012-03-19','258-533-0176'),(33,'838-70-4284','6826 Jose Cove Apt. 124\nReidshire, HI 84093','1993-11-07','463-777-1252'),(34,'166-34-8725','19391 Manning Manors Apt. 054\nNew Carlfort, SD 39145','2016-01-07','977-918-6401'),(35,'663-14-0858','13725 Anderson Glen\nNew Jason, ME 49115','1997-09-10','677-673-9684'),(36,'241-85-3636','USS Parks\nFPO AE 35581','1995-02-18','159-173-5293'),(37,'694-64-9048','04831 Adam Stravenue\nPalmermouth, CA 10187','1973-02-14','647-689-7708'),(38,'086-69-4607','856 Elizabeth Haven\nJohnstonville, ME 65377','2017-04-16','694-499-6241'),(39,'528-85-8243','620 Jose Stravenue\nNicholasburgh, OH 07553','2005-10-11','700-794-7823'),(40,'571-98-8062','3991 Murray Extensions\nWest Jeffrey, AR 59929','2021-05-18','460-564-8577');
/*!40000 ALTER TABLE `employee` ENABLE KEYS */;
UNLOCK TABLES;

--
-- Table structure for table `ingredient`
--

DROP TABLE IF EXISTS `ingredient`;
/*!40101 SET @saved_cs_client     = @@character_set_client */;
/*!50503 SET character_set_client = utf8mb4 */;
CREATE TABLE `ingredient` (
  `ingredientId` int NOT NULL AUTO_INCREMENT,
  `name` varchar(60) NOT NULL,
  PRIMARY KEY (`ingredientId`)
) ENGINE=InnoDB AUTO_INCREMENT=66 DEFAULT CHARSET=utf8mb4 COLLATE=utf8mb4_0900_ai_ci;
/*!40101 SET character_set_client = @saved_cs_client */;

--
-- Dumping data for table `ingredient`
--

LOCK TABLES `ingredient` WRITE;
/*!40000 ALTER TABLE `ingredient` DISABLE KEYS */;
INSERT INTO `ingredient` VALUES (1,'Black Bean'),(2,'Pork Shoulder'),(3,'Bacon'),(4,'Smoked Sausage'),(5,'Onion'),(6,'Garlic'),(7,'Bay Leaf'),(8,'Salt'),(9,'Pepper'),(10,'Orange Wedges'),(11,'Rice'),(12,'Farofa'),(13,'Cilantro'),(14,'Black-Eyed Pea'),(15,'Cheese'),(16,'Ground Beef Or Lamb'),(17,'Turmeric'),(18,'Saffron'),(19,'Tomato'),(20,'Green Bean'),(21,'Turmeric Powder'),(22,'Ghee'),(23,'Coriander'),(24,'Chilli Powder'),(25,'Lentils'),(26,'Naan Bread'),(27,'Chicken Thigh'),(28,'Heavy Cream'),(29,'Fenugreek Leaf'),(30,'Paprika'),(31,'Basmati Rice'),(32,'Pineapple'),(33,'Chili Paste'),(34,'Dumpling Wrapper'),(35,'Shredded Chicken'),(36,'Chicken Broth'),(37,'Milk'),(38,'Butter'),(39,'Nutmeg'),(40,'Breadcrumb'),(41,'Vegetable Oil'),(42,'Walnuts'),(43,'Pomegranate Molasses'),(44,'Sugar'),(45,'Cinnamon'),(46,'Paneer Cheese'),(47,'Spinach'),(48,'Cream'),(49,'Poblano Pepper'),(50,'Almonds'),(51,'Egg'),(52,'Flour'),(53,'Powdered Milk'),(54,'Rosewater'),(55,'Cardamom'),(56,'Pistachio'),(57,'Almond'),(58,'Rice Flour'),(59,'Jaggery'),(60,'Sesame Seed'),(61,'Chickpea'),(62,'Cocoa'),(63,'Noodles'),(64,'Lime'),(65,'Vanilla');
/*!40000 ALTER TABLE `ingredient` ENABLE KEYS */;
UNLOCK TABLES;

--
-- Table structure for table `inventory`
--

DROP TABLE IF EXISTS `inventory`;
/*!40101 SET @saved_cs_client     = @@character_set_client */;
/*!50503 SET character_set_client = utf8mb4 */;
CREATE TABLE `inventory` (
  `warehouseId` int NOT NULL,
  `ingredientId` int NOT NULL,
  `expirationDate` date NOT NULL,
  `quantityOnHand` int NOT NULL,
  KEY `warehouseId` (`warehouseId`),
  KEY `ingredientId` (`ingredientId`),
  CONSTRAINT `inventory_ibfk_1` FOREIGN KEY (`warehouseId`) REFERENCES `warehouse` (`warehouseId`),
  CONSTRAINT `inventory_ibfk_2` FOREIGN KEY (`ingredientId`) REFERENCES `ingredient` (`ingredientId`)
) ENGINE=InnoDB DEFAULT CHARSET=utf8mb4 COLLATE=utf8mb4_0900_ai_ci;
/*!40101 SET character_set_client = @saved_cs_client */;

--
-- Dumping data for table `inventory`
--

LOCK TABLES `inventory` WRITE;
/*!40000 ALTER TABLE `inventory` DISABLE KEYS */;
INSERT INTO `inventory` VALUES (1,1,'2023-06-19',218),(1,2,'2023-06-04',200),(2,3,'2023-07-18',123),(1,4,'2023-07-10',127),(2,5,'2023-06-01',97),(1,6,'2023-07-26',229),(2,7,'2023-07-14',217),(1,8,'2023-07-24',186),(2,9,'2023-06-11',118),(2,10,'2023-06-21',92),(1,11,'2023-06-28',113),(2,12,'2023-07-05',178),(1,13,'2023-06-25',136),(2,14,'2023-07-04',85),(1,15,'2023-07-16',123),(1,16,'2023-07-04',102),(1,17,'2023-06-21',108),(1,18,'2023-06-24',129),(1,19,'2023-07-22',114),(2,20,'2023-06-06',200),(2,21,'2023-07-30',189),(2,22,'2023-07-23',165),(2,23,'2023-06-29',94),(1,24,'2023-07-08',231),(2,25,'2023-07-21',115),(2,26,'2023-06-19',206),(1,27,'2023-07-23',91),(2,28,'2023-07-01',175),(1,29,'2023-06-22',182),(1,30,'2023-06-10',151),(2,31,'2023-06-20',216),(1,32,'2023-07-26',195),(1,33,'2023-06-23',100),(1,34,'2023-06-15',137),(2,35,'2023-07-16',144),(1,36,'2023-06-14',215),(2,37,'2023-07-25',147),(1,38,'2023-07-04',231),(1,39,'2023-07-07',170),(2,40,'2023-06-15',99),(2,41,'2023-07-14',175),(1,42,'2023-07-20',88),(1,43,'2023-06-08',239),(1,44,'2023-06-05',84),(1,45,'2023-06-01',90),(1,46,'2023-06-02',193),(1,47,'2023-07-09',205),(1,48,'2023-07-14',155),(2,49,'2023-07-03',215),(2,50,'2023-07-14',221),(2,51,'2023-07-18',80),(1,52,'2023-07-08',115),(1,53,'2023-07-24',110),(1,54,'2023-06-21',82),(1,55,'2023-07-16',230),(2,56,'2023-07-16',95),(1,57,'2023-06-27',162),(2,58,'2023-07-05',152),(1,59,'2023-06-21',135),(1,60,'2023-07-21',133),(1,61,'2023-06-17',149),(1,62,'2023-07-11',143),(2,63,'2023-07-23',161),(1,64,'2023-06-26',99),(2,65,'2023-07-18',222);
/*!40000 ALTER TABLE `inventory` ENABLE KEYS */;
UNLOCK TABLES;

--
-- Table structure for table `order_line`
--

DROP TABLE IF EXISTS `order_line`;
/*!40101 SET @saved_cs_client     = @@character_set_client */;
/*!50503 SET character_set_client = utf8mb4 */;
CREATE TABLE `order_line` (
  `orderId` int NOT NULL,
  `dishId` int NOT NULL,
  `additonalSpecifcation` varchar(60) DEFAULT NULL,
  `quantity` int NOT NULL,
  KEY `orderId` (`orderId`),
  KEY `dishId` (`dishId`),
  CONSTRAINT `order_line_ibfk_1` FOREIGN KEY (`orderId`) REFERENCES `dining_order` (`orderId`),
  CONSTRAINT `order_line_ibfk_2` FOREIGN KEY (`dishId`) REFERENCES `dish` (`dishId`)
) ENGINE=InnoDB DEFAULT CHARSET=utf8mb4 COLLATE=utf8mb4_0900_ai_ci;
/*!40101 SET character_set_client = @saved_cs_client */;

--
-- Dumping data for table `order_line`
--

LOCK TABLES `order_line` WRITE;
/*!40000 ALTER TABLE `order_line` DISABLE KEYS */;
INSERT INTO `order_line` VALUES (1,7,NULL,6),(2,8,NULL,3),(3,11,NULL,4),(4,25,NULL,1),(5,20,NULL,2),(6,14,NULL,2),(7,2,NULL,3),(8,16,NULL,3),(9,4,NULL,1),(10,13,NULL,4),(11,20,NULL,4),(12,7,NULL,6),(13,18,NULL,3),(14,4,NULL,6),(15,5,NULL,2),(16,18,NULL,6),(17,9,NULL,3),(18,19,NULL,2),(19,4,NULL,1),(20,6,NULL,1),(21,4,NULL,5),(22,19,NULL,1),(23,24,NULL,5),(24,17,NULL,2),(25,4,NULL,4),(26,5,NULL,4),(27,9,NULL,6),(28,14,NULL,2),(29,18,NULL,2),(30,9,NULL,2),(31,14,NULL,2),(32,19,NULL,5),(33,19,NULL,4),(34,16,NULL,5),(35,12,NULL,1),(36,25,NULL,4),(37,13,NULL,5),(38,13,NULL,4),(39,24,NULL,2),(40,12,NULL,1),(41,1,NULL,6),(42,13,NULL,5),(43,17,NULL,5),(44,23,NULL,5),(45,16,NULL,6),(46,22,NULL,4),(47,16,NULL,4),(48,9,NULL,5),(49,15,NULL,4),(50,11,NULL,5),(51,17,NULL,3),(52,7,NULL,1),(53,12,NULL,4),(54,15,NULL,4),(55,25,NULL,1),(56,9,NULL,2),(57,23,NULL,6),(58,16,NULL,1),(59,6,NULL,4),(60,17,NULL,3),(61,7,NULL,1),(62,9,NULL,3),(63,23,NULL,2),(64,3,NULL,1),(65,24,NULL,2),(66,23,NULL,1),(67,24,NULL,2),(68,1,NULL,6),(69,21,NULL,3),(70,11,NULL,3),(71,11,NULL,5),(72,21,NULL,4),(73,15,NULL,2),(74,2,NULL,5),(75,1,NULL,5),(76,19,NULL,6),(77,13,NULL,2),(78,3,NULL,3),(79,8,NULL,1),(80,16,NULL,4),(81,25,NULL,4),(82,21,NULL,1),(83,16,NULL,4),(84,8,NULL,3),(85,15,NULL,5),(86,16,NULL,6),(87,8,NULL,4),(88,14,NULL,4),(89,4,NULL,6),(90,9,NULL,6),(91,16,NULL,2),(92,8,NULL,6),(93,20,NULL,4),(94,8,NULL,6),(95,25,NULL,5),(96,18,NULL,1),(97,2,NULL,6),(98,7,NULL,4),(99,7,NULL,3),(100,11,NULL,3),(101,25,NULL,4),(102,5,NULL,2),(103,18,NULL,1),(104,2,NULL,2),(105,17,NULL,5),(106,1,NULL,1),(107,1,NULL,4),(1,21,NULL,2),(2,10,NULL,6),(3,2,NULL,4),(4,12,NULL,6),(5,7,NULL,5),(6,11,NULL,6),(7,19,NULL,1),(8,1,NULL,3),(9,10,NULL,5),(10,18,NULL,6),(11,18,NULL,6),(12,7,NULL,4),(13,1,NULL,5),(14,24,NULL,3),(15,12,NULL,2),(16,2,NULL,2),(17,14,NULL,4),(18,7,NULL,1),(19,6,NULL,6),(20,3,NULL,4),(21,15,NULL,4),(22,24,NULL,3),(23,2,NULL,3),(24,12,NULL,2),(25,9,NULL,2),(26,22,NULL,4),(27,21,NULL,1),(28,6,NULL,4),(29,17,NULL,2),(30,9,NULL,6),(31,15,NULL,6),(32,6,NULL,3),(33,13,NULL,2),(34,4,NULL,2),(35,11,NULL,4),(36,8,NULL,4),(37,21,NULL,5),(38,21,NULL,6),(39,8,NULL,6),(40,1,NULL,3),(41,22,NULL,4),(42,3,NULL,2),(43,13,NULL,1),(44,14,NULL,2),(45,12,NULL,3),(46,17,NULL,2),(47,20,NULL,1),(48,6,NULL,1),(49,9,NULL,6),(50,17,NULL,6),(51,10,NULL,2),(52,9,NULL,1),(53,4,NULL,4),(54,4,NULL,1),(55,14,NULL,4),(56,20,NULL,1),(57,23,NULL,6),(58,14,NULL,1),(59,1,NULL,5),(60,4,NULL,2),(61,3,NULL,2),(62,18,NULL,6),(63,5,NULL,5),(64,7,NULL,5),(65,6,NULL,2),(66,13,NULL,4),(67,10,NULL,4),(68,7,NULL,4),(69,21,NULL,3),(70,6,NULL,6),(71,16,NULL,4),(72,5,NULL,6),(73,23,NULL,3),(74,1,NULL,4),(75,11,NULL,4),(76,19,NULL,5),(77,1,NULL,3),(78,5,NULL,6),(79,11,NULL,1),(80,15,NULL,5),(81,20,NULL,2),(82,5,NULL,6),(83,5,NULL,6),(84,14,NULL,4),(85,5,NULL,6),(86,25,NULL,6),(87,24,NULL,4),(88,9,NULL,3),(89,22,NULL,4),(90,1,NULL,5),(91,19,NULL,5),(92,7,NULL,4),(93,23,NULL,6),(94,2,NULL,3),(95,12,NULL,3),(96,21,NULL,4),(97,1,NULL,5),(98,1,NULL,3),(99,14,NULL,2),(100,3,NULL,1),(101,4,NULL,2),(102,18,NULL,6),(103,6,NULL,1),(104,12,NULL,5),(105,12,NULL,1),(106,23,NULL,3),(107,22,NULL,4),(108,12,NULL,6),(109,18,NULL,5),(110,10,NULL,2),(111,18,NULL,4),(112,3,NULL,1),(113,23,NULL,1),(114,3,NULL,1),(115,13,NULL,1),(116,23,NULL,3),(117,6,NULL,4),(118,17,NULL,1),(119,19,NULL,2),(120,23,NULL,4),(121,23,NULL,6),(122,8,NULL,2),(123,25,NULL,5),(124,12,NULL,2),(125,10,NULL,6),(126,16,NULL,5),(127,16,NULL,1),(128,16,NULL,6),(129,7,NULL,1),(130,22,NULL,2),(131,8,NULL,6),(132,23,NULL,6),(133,6,NULL,5),(134,18,NULL,4),(135,11,NULL,4),(136,20,NULL,3),(137,23,NULL,1),(138,24,NULL,1),(139,6,NULL,4),(140,18,NULL,3),(141,23,NULL,6),(142,22,NULL,5),(143,5,NULL,4),(144,6,NULL,4),(145,21,NULL,2),(146,6,NULL,2),(147,6,NULL,5),(148,4,NULL,1),(149,4,NULL,6),(150,18,NULL,3),(151,15,NULL,4),(152,16,NULL,5),(153,12,NULL,5),(154,13,NULL,6),(155,21,NULL,6),(156,14,NULL,4),(157,16,NULL,4),(158,22,NULL,1),(159,21,NULL,6),(160,9,NULL,3),(161,8,NULL,6),(162,5,NULL,2),(163,13,NULL,3),(164,14,NULL,6),(165,20,NULL,2),(166,1,NULL,5),(167,23,NULL,1),(168,2,NULL,5),(169,9,NULL,5),(170,9,NULL,4),(171,9,NULL,2),(172,10,NULL,5),(173,3,NULL,6),(174,12,NULL,3),(175,23,NULL,6),(176,22,NULL,1),(177,23,NULL,5),(178,18,NULL,4),(179,6,NULL,6),(180,5,NULL,3),(181,4,NULL,6),(182,11,NULL,4),(183,6,NULL,5),(184,1,NULL,3),(185,13,NULL,1),(186,11,NULL,1),(187,12,NULL,2),(188,14,NULL,4),(189,23,NULL,1),(190,22,NULL,4),(191,20,NULL,5),(192,23,NULL,5),(193,14,NULL,2),(194,2,NULL,3),(195,23,NULL,4),(196,5,NULL,4),(197,19,NULL,4),(198,3,NULL,1),(199,12,NULL,2),(200,12,NULL,3),(201,15,NULL,1),(202,18,NULL,3),(203,19,NULL,5),(204,5,NULL,5),(205,16,NULL,6),(206,9,NULL,5),(207,11,NULL,3),(208,13,NULL,2),(209,1,NULL,5),(210,11,NULL,1),(211,20,NULL,2),(212,15,NULL,1),(213,18,NULL,6),(214,6,NULL,1),(215,5,NULL,2),(216,3,NULL,4),(217,5,NULL,4),(218,19,NULL,6),(219,9,NULL,3),(220,1,NULL,3),(221,13,NULL,5),(222,7,NULL,2),(223,20,NULL,1),(224,10,NULL,3),(225,24,NULL,1),(226,7,NULL,6),(227,13,NULL,3),(228,13,NULL,3),(229,16,NULL,6),(230,3,NULL,3),(231,9,NULL,5),(232,12,NULL,2),(233,10,NULL,3),(234,2,NULL,2),(235,14,NULL,4),(236,22,NULL,6),(237,13,NULL,5),(238,1,NULL,4),(239,14,NULL,2),(240,7,NULL,5),(241,21,NULL,3),(242,12,NULL,2),(243,11,NULL,1),(244,9,NULL,2),(245,9,NULL,3),(246,3,NULL,2),(247,21,NULL,4),(248,8,NULL,1),(249,3,NULL,1),(250,12,NULL,3),(251,23,NULL,2),(252,3,NULL,2),(253,5,NULL,1),(254,13,NULL,4),(255,12,NULL,2),(256,7,NULL,5),(257,8,NULL,3),(258,18,NULL,6),(259,13,NULL,4),(260,8,NULL,6),(261,10,NULL,6),(262,4,NULL,4),(263,16,NULL,6),(264,20,NULL,6),(265,10,NULL,5),(266,18,NULL,2),(267,11,NULL,4),(268,8,NULL,3),(269,14,NULL,4),(270,2,NULL,3),(271,16,NULL,1),(272,10,NULL,6),(273,13,NULL,4),(274,21,NULL,6),(275,7,NULL,1),(276,5,NULL,4),(277,23,NULL,1),(278,12,NULL,2),(279,24,NULL,1),(280,24,NULL,3),(281,17,NULL,6),(282,12,NULL,1),(283,8,NULL,6),(284,22,NULL,4),(285,23,NULL,4),(286,9,NULL,4),(287,9,NULL,4),(288,22,NULL,2),(289,24,NULL,1),(290,2,NULL,2),(291,14,NULL,5),(292,23,NULL,5),(293,21,NULL,1),(294,12,NULL,3),(295,18,NULL,6),(296,3,NULL,4),(297,10,NULL,5),(298,1,NULL,2),(299,12,NULL,6),(300,15,NULL,5),(301,9,NULL,5),(302,22,NULL,6),(303,23,NULL,6),(304,25,NULL,4),(305,10,NULL,5),(306,11,NULL,5),(307,15,NULL,4),(308,13,NULL,3),(309,6,NULL,2),(310,21,NULL,6),(311,3,NULL,4),(312,23,NULL,6),(313,20,NULL,3),(314,10,NULL,5),(315,15,NULL,5),(316,23,NULL,5),(317,11,NULL,5),(318,15,NULL,3),(319,15,NULL,6),(320,3,NULL,3),(321,15,NULL,2),(322,14,NULL,1),(323,3,NULL,2),(324,19,NULL,3),(325,5,NULL,3),(326,18,NULL,2),(327,20,NULL,2),(328,9,NULL,1),(329,25,NULL,2),(330,4,NULL,6),(331,10,NULL,2),(332,15,NULL,6),(333,10,NULL,6),(334,6,NULL,2),(335,9,NULL,5),(336,4,NULL,5),(337,8,NULL,6),(338,6,NULL,5),(339,14,NULL,3),(340,7,NULL,4),(341,12,NULL,1),(342,7,NULL,3),(343,5,NULL,6),(344,12,NULL,5),(345,17,NULL,5),(346,19,NULL,1),(347,20,NULL,1),(348,12,NULL,5),(349,15,NULL,2),(350,18,NULL,2),(351,24,NULL,5),(352,21,NULL,4),(353,20,NULL,5),(354,18,NULL,1),(355,20,NULL,4),(356,1,NULL,1),(357,2,NULL,2),(358,21,NULL,4),(359,22,NULL,5),(360,12,NULL,6),(361,19,NULL,6),(362,7,NULL,1),(363,2,NULL,1),(364,15,NULL,3),(365,9,NULL,2),(366,9,NULL,2),(367,21,NULL,4),(368,21,NULL,3),(369,14,NULL,1),(370,2,NULL,1),(371,1,NULL,5),(372,21,NULL,5),(373,13,NULL,5),(374,1,NULL,3),(375,8,NULL,6),(376,21,NULL,2),(377,11,NULL,5),(378,19,NULL,4),(379,14,NULL,4),(380,16,NULL,3),(381,16,NULL,5),(382,6,NULL,1),(383,9,NULL,4),(384,1,NULL,6),(385,16,NULL,2),(386,23,NULL,4),(387,6,NULL,6),(388,2,NULL,5),(389,12,NULL,6),(390,3,NULL,5),(391,4,NULL,1),(392,22,NULL,5),(393,10,NULL,3),(394,2,NULL,2),(395,7,NULL,6),(396,16,NULL,5),(397,22,NULL,1),(398,2,NULL,2),(399,19,NULL,1),(400,11,NULL,3),(401,23,NULL,1),(402,14,NULL,6),(403,23,NULL,4),(404,6,NULL,3),(405,24,NULL,2),(406,4,NULL,5),(407,14,NULL,3),(408,4,NULL,5),(409,13,NULL,2),(410,7,NULL,1),(411,22,NULL,4),(412,8,NULL,6),(413,2,NULL,5),(414,22,NULL,4),(415,14,NULL,6),(416,25,NULL,1),(417,1,NULL,5),(418,2,NULL,6),(419,20,NULL,2),(420,21,NULL,5),(421,2,NULL,5),(422,10,NULL,2),(423,6,NULL,5),(424,15,NULL,2),(425,9,NULL,2),(426,18,NULL,3),(427,7,NULL,2),(428,1,NULL,5),(429,20,NULL,6),(430,9,NULL,6),(431,8,NULL,2),(432,10,NULL,1),(433,12,NULL,4),(434,3,NULL,2),(435,10,NULL,6),(436,6,NULL,5),(437,6,NULL,3),(438,8,NULL,3),(439,10,NULL,6),(440,24,NULL,5),(441,17,NULL,2),(442,2,NULL,4),(443,4,NULL,2),(444,16,NULL,2),(445,8,NULL,3),(446,3,NULL,2),(447,5,NULL,4),(448,2,NULL,1),(449,16,NULL,1),(450,6,NULL,3),(451,16,NULL,4),(452,6,NULL,5),(453,20,NULL,5),(454,9,NULL,1),(455,25,NULL,4),(456,11,NULL,4),(457,6,NULL,2),(458,2,NULL,6),(459,23,NULL,5),(460,9,NULL,1),(461,2,NULL,6),(462,13,NULL,3),(463,7,NULL,6),(464,6,NULL,6),(465,1,NULL,6),(466,19,NULL,6),(467,10,NULL,5),(468,6,NULL,3),(469,12,NULL,4),(470,19,NULL,3),(471,8,NULL,4),(472,10,NULL,1),(473,24,NULL,3),(474,4,NULL,6),(475,9,NULL,1),(476,6,NULL,6),(477,15,NULL,3),(478,7,NULL,6),(479,22,NULL,4),(480,22,NULL,4),(481,5,NULL,6),(482,12,NULL,5),(483,20,NULL,6),(484,25,NULL,2),(485,21,NULL,1),(486,8,NULL,5),(487,8,NULL,5),(488,5,NULL,6),(489,5,NULL,2),(490,7,NULL,5),(491,21,NULL,5),(492,7,NULL,1),(493,20,NULL,6),(494,8,NULL,5),(495,20,NULL,3),(496,17,NULL,6),(497,14,NULL,6),(498,10,NULL,1),(499,20,NULL,5),(500,14,NULL,1),(501,25,NULL,5),(502,15,NULL,5),(503,20,NULL,3),(504,12,NULL,4),(505,20,NULL,2),(506,18,NULL,5),(507,22,NULL,2),(508,19,NULL,3),(509,9,NULL,1),(510,13,NULL,6),(511,13,NULL,2),(512,23,NULL,2),(513,2,NULL,2),(514,14,NULL,3),(515,8,NULL,5),(516,9,NULL,1),(517,24,NULL,1),(518,5,NULL,1),(519,19,NULL,5),(520,1,NULL,2),(521,11,NULL,5),(522,4,NULL,4),(523,19,NULL,2),(524,25,NULL,1),(525,25,NULL,1),(526,25,NULL,2),(527,14,NULL,6),(528,7,NULL,1),(529,4,NULL,1),(530,17,NULL,5),(531,12,NULL,5),(532,6,NULL,6),(533,21,NULL,3),(534,12,NULL,1),(535,4,NULL,6),(536,9,NULL,4),(537,7,NULL,5),(538,14,NULL,6),(539,2,NULL,3),(540,5,NULL,2),(541,17,NULL,4),(542,7,NULL,1),(543,25,NULL,3),(544,16,NULL,1),(545,13,NULL,2),(546,11,NULL,2),(547,6,NULL,2),(548,4,NULL,3),(549,11,NULL,4),(550,15,NULL,3),(551,10,NULL,6),(552,3,NULL,4),(553,21,NULL,3),(554,11,NULL,4),(555,8,NULL,4),(556,6,NULL,3),(557,18,NULL,3),(558,9,NULL,4),(559,21,NULL,3),(560,22,NULL,1),(561,5,NULL,2),(562,8,NULL,4),(563,9,NULL,3),(564,24,NULL,6),(565,9,NULL,1),(566,23,NULL,6),(567,4,NULL,3),(568,9,NULL,6),(569,10,NULL,3),(570,17,NULL,2),(571,22,NULL,1),(572,6,NULL,1),(573,23,NULL,4),(574,10,NULL,4),(575,22,NULL,2),(576,4,NULL,3),(577,9,NULL,6),(578,21,NULL,6),(579,21,NULL,3),(580,3,NULL,6),(581,20,NULL,2),(582,4,NULL,3),(583,12,NULL,2),(584,19,NULL,6),(585,6,NULL,6),(586,14,NULL,2),(587,9,NULL,6),(588,2,NULL,1),(589,22,NULL,2),(590,4,NULL,2),(591,20,NULL,5),(592,10,NULL,1),(593,18,NULL,1),(594,25,NULL,2),(595,21,NULL,2),(596,17,NULL,6),(597,23,NULL,5),(598,18,NULL,6),(599,13,NULL,3),(600,16,NULL,5),(601,13,NULL,3),(602,3,NULL,5),(603,13,NULL,1),(604,13,NULL,3),(605,21,NULL,6),(606,25,NULL,1),(607,4,NULL,2),(608,17,NULL,5),(609,19,NULL,2),(610,24,NULL,2),(611,3,NULL,4),(612,16,NULL,2),(613,16,NULL,3),(614,12,NULL,6),(615,2,NULL,6),(616,23,NULL,4),(617,24,NULL,1),(618,9,NULL,6),(619,1,NULL,6),(620,11,NULL,6),(621,11,NULL,5),(622,8,NULL,5),(623,6,NULL,5),(624,22,NULL,1),(625,2,NULL,1),(626,25,NULL,5),(627,19,NULL,4),(628,23,NULL,3),(629,14,NULL,1),(630,25,NULL,4),(631,18,NULL,2),(632,24,NULL,3),(633,18,NULL,1),(634,3,NULL,5),(635,25,NULL,5),(636,6,NULL,3),(637,14,NULL,3),(638,12,NULL,6),(639,24,NULL,6),(640,4,NULL,3),(641,5,NULL,5),(642,11,NULL,5),(643,22,NULL,2),(644,2,NULL,3),(645,25,NULL,5),(646,5,NULL,3),(647,3,NULL,4),(648,8,NULL,5),(649,3,NULL,4),(650,17,NULL,4),(651,11,NULL,3),(652,8,NULL,1),(653,7,NULL,2),(654,15,NULL,4),(655,14,NULL,6),(656,1,NULL,5),(657,16,NULL,6),(658,14,NULL,6),(659,8,NULL,2),(660,16,NULL,5),(661,19,NULL,3),(662,1,NULL,2),(663,22,NULL,3),(664,14,NULL,2),(665,2,NULL,6),(666,4,NULL,6),(667,21,NULL,5),(668,25,NULL,4),(669,14,NULL,2),(670,20,NULL,3),(671,24,NULL,3),(672,2,NULL,3),(673,13,NULL,5),(674,25,NULL,3),(675,12,NULL,1),(676,19,NULL,6),(677,1,NULL,1),(678,25,NULL,1),(679,20,NULL,6),(680,15,NULL,5),(681,8,NULL,2),(682,25,NULL,5),(683,19,NULL,3),(684,13,NULL,4),(685,9,NULL,2),(686,7,NULL,2),(687,13,NULL,6),(688,4,NULL,1),(689,17,NULL,6),(690,20,NULL,2),(691,10,NULL,2),(692,22,NULL,4),(693,12,NULL,1),(694,15,NULL,1),(695,21,NULL,3),(696,22,NULL,5),(697,20,NULL,4),(698,25,NULL,1),(699,5,NULL,5),(700,14,NULL,3),(701,20,NULL,1),(702,15,NULL,6),(703,11,NULL,1),(704,5,NULL,3),(705,7,NULL,2),(706,21,NULL,3),(707,6,NULL,3),(708,7,NULL,6),(709,1,NULL,3),(710,9,NULL,1),(711,3,NULL,1),(712,14,NULL,5),(713,6,NULL,5),(714,10,NULL,2),(715,22,NULL,6),(716,19,NULL,2),(717,16,NULL,2),(718,4,NULL,5),(719,7,NULL,2),(720,20,NULL,2),(721,3,NULL,3),(722,12,NULL,6),(723,24,NULL,1),(724,13,NULL,3),(725,16,NULL,3),(726,19,NULL,3),(727,11,NULL,6),(728,21,NULL,3),(729,1,NULL,1),(730,4,NULL,6),(731,24,NULL,2),(732,25,NULL,1),(733,7,NULL,1),(734,2,NULL,5),(735,8,NULL,3),(736,12,NULL,6),(737,15,NULL,2),(738,25,NULL,4),(739,21,NULL,6),(740,5,NULL,1),(741,25,NULL,3),(742,14,NULL,1),(743,17,NULL,3),(744,14,NULL,2),(745,20,NULL,3),(746,19,NULL,2),(747,25,NULL,3),(748,18,NULL,5),(749,9,NULL,5),(750,5,NULL,2),(751,9,NULL,2),(752,2,NULL,3),(753,23,NULL,5),(754,3,NULL,2),(755,11,NULL,6),(756,17,NULL,4),(757,13,NULL,6),(758,20,NULL,4),(759,11,NULL,6),(760,3,NULL,5),(761,22,NULL,3),(762,23,NULL,2),(763,5,NULL,2),(764,2,NULL,5),(765,16,NULL,1),(766,3,NULL,5),(767,4,NULL,2),(768,22,NULL,3),(769,4,NULL,2),(770,20,NULL,4),(771,24,NULL,3),(772,21,NULL,3),(773,13,NULL,6),(774,6,NULL,5),(775,7,NULL,4),(776,21,NULL,6),(777,18,NULL,2),(778,3,NULL,4),(779,14,NULL,2),(780,9,NULL,1),(781,2,NULL,2),(782,16,NULL,5),(783,22,NULL,3),(784,21,NULL,6),(785,4,NULL,2),(786,7,NULL,3),(787,15,NULL,6),(788,4,NULL,4),(789,5,NULL,6),(790,17,NULL,3),(791,20,NULL,3),(792,7,NULL,2),(793,6,NULL,6),(794,12,NULL,1),(795,15,NULL,1),(796,4,NULL,1),(797,3,NULL,2),(798,12,NULL,3),(799,3,NULL,5),(800,10,NULL,4),(801,7,NULL,4),(802,10,NULL,5),(803,23,NULL,5),(804,15,NULL,6),(805,14,NULL,4),(806,5,NULL,6),(807,21,NULL,4),(808,24,NULL,6),(809,18,NULL,4),(810,14,NULL,5),(811,4,NULL,5),(812,4,NULL,6);
/*!40000 ALTER TABLE `order_line` ENABLE KEYS */;
UNLOCK TABLES;

--
-- Table structure for table `order_specification`
--

DROP TABLE IF EXISTS `order_specification`;
/*!40101 SET @saved_cs_client     = @@character_set_client */;
/*!50503 SET character_set_client = utf8mb4 */;
CREATE TABLE `order_specification` (
  `orderSpecificationId` int NOT NULL,
  `additionalSpecification` text,
  KEY `orderId` (`orderSpecificationId`),
  CONSTRAINT `order_specification_ibfk_1` FOREIGN KEY (`orderSpecificationId`) REFERENCES `dining_order` (`orderId`)
) ENGINE=InnoDB DEFAULT CHARSET=utf8mb4 COLLATE=utf8mb4_0900_ai_ci;
/*!40101 SET character_set_client = @saved_cs_client */;

--
-- Dumping data for table `order_specification`
--

LOCK TABLES `order_specification` WRITE;
/*!40000 ALTER TABLE `order_specification` DISABLE KEYS */;
INSERT INTO `order_specification` VALUES (417,'Remove Mustard'),(235,'Extra Ketchup'),(225,'Extra salt'),(548,'Extra Napkins'),(86,'Extra Napkins'),(382,'Remove Mustard'),(280,'Remove Pickles'),(58,'Plastic Silverware'),(42,'Remove Mustard'),(112,'Extra salt'),(382,'Extra Napkins'),(232,'Extra Onions'),(671,'Extra Napkins'),(455,'Extra salt'),(262,'Extra Onions'),(284,'Extra Ketchup'),(332,'Remove Mustard'),(784,'Plastic Silverware'),(262,'Remove Mustard'),(696,'Extra Napkins'),(747,'Extra Napkins'),(103,'Plastic Silverware'),(455,'Extra salt'),(311,'Extra Onions'),(704,'Extra Onions'),(43,'Extra Napkins'),(74,'Extra salt'),(425,'Extra salt'),(649,'Extra salt'),(412,'Extra salt'),(130,'Plastic Silverware'),(505,'Extra Onions'),(507,'Extra Napkins'),(683,'Extra Napkins'),(371,'Plastic Silverware'),(208,'Extra salt'),(352,'Extra salt'),(108,'Remove Mustard'),(299,'Extra Onions'),(188,'Extra Napkins'),(371,'Extra Ketchup'),(379,'Remove Mustard'),(549,'Extra Ketchup'),(687,'Remove Mustard'),(89,'Extra Ketchup'),(314,'Extra Ketchup'),(693,'Remove Mustard'),(50,'Remove Mustard'),(382,'Extra Napkins'),(528,'Extra salt'),(179,'Remove Mustard'),(126,'Extra Onions'),(757,'Remove Pickles'),(99,'Extra salt'),(176,'Extra Napkins'),(394,'Extra Ketchup'),(772,'Remove Mustard'),(563,'Extra Onions'),(509,'Plastic Silverware'),(86,'Plastic Silverware'),(378,'Extra Napkins'),(1,'Extra salt'),(386,'Extra Ketchup'),(451,'Extra Ketchup'),(721,'Extra salt'),(387,'Extra Onions'),(69,'Remove Mustard'),(338,'Extra Ketchup'),(593,'Remove Pickles'),(436,'Extra salt'),(171,'Plastic Silverware'),(562,'Extra Napkins'),(61,'Remove Mustard'),(95,'Remove Mustard'),(20,'Remove Mustard'),(124,'Extra Ketchup'),(666,'Extra salt'),(115,'Extra salt'),(178,'Remove Mustard'),(90,'Extra salt'),(189,'Extra salt'),(585,'Remove Mustard'),(310,'Remove Pickles'),(631,'Extra Napkins'),(224,'Extra salt'),(555,'Extra Napkins'),(539,'Extra Ketchup'),(342,'Remove Mustard'),(375,'Plastic Silverware'),(123,'Extra Napkins'),(51,'Remove Mustard'),(201,'Extra Onions'),(551,'Extra Ketchup'),(381,'Extra Onions'),(582,'Extra Ketchup'),(80,'Extra Napkins'),(764,'Extra salt'),(779,'Extra salt'),(275,'Remove Mustard'),(672,'Plastic Silverware'),(663,'Remove Mustard'),(730,'Remove Mustard'),(720,'Remove Pickles'),(324,'Extra Onions'),(112,'Plastic Silverware'),(564,'Remove Pickles'),(163,'Remove Pickles'),(216,'Extra Napkins'),(280,'Remove Pickles'),(203,'Extra salt'),(599,'Plastic Silverware'),(390,'Remove Mustard'),(626,'Plastic Silverware'),(204,'Extra Onions'),(251,'Plastic Silverware'),(765,'Extra Napkins'),(117,'Remove Mustard'),(518,'Extra salt'),(25,'Extra Napkins'),(117,'Extra Ketchup'),(133,'Plastic Silverware'),(648,'Plastic Silverware'),(186,'Plastic Silverware'),(364,'Extra Ketchup'),(122,'Extra salt'),(338,'Extra salt'),(340,'Extra Onions'),(219,'Extra salt'),(485,'Remove Mustard'),(419,'Extra salt'),(273,'Remove Mustard'),(565,'Extra Ketchup'),(300,'Extra Onions'),(125,'Remove Mustard'),(326,'Extra salt'),(385,'Extra salt'),(95,'Remove Mustard'),(300,'Extra Onions'),(142,'Extra salt'),(670,'Extra Ketchup'),(413,'Remove Pickles'),(702,'Plastic Silverware'),(343,'Remove Mustard'),(364,'Extra Napkins'),(227,'Extra Ketchup'),(413,'Extra Onions'),(200,'Extra salt'),(472,'Extra Ketchup'),(241,'Plastic Silverware'),(327,'Extra salt'),(122,'Plastic Silverware'),(773,'Plastic Silverware'),(522,'Extra salt'),(683,'Extra Napkins'),(667,'Extra Napkins'),(210,'Extra Ketchup'),(152,'Extra Ketchup'),(569,'Extra Onions'),(587,'Extra Ketchup'),(758,'Extra Ketchup'),(502,'Extra Onions'),(735,'Extra Napkins'),(796,'Extra Onions'),(407,'Plastic Silverware'),(437,'Plastic Silverware'),(497,'Plastic Silverware'),(294,'Plastic Silverware'),(778,'Remove Mustard'),(498,'Remove Pickles'),(773,'Extra Ketchup'),(475,'Remove Pickles'),(475,'Extra Onions'),(585,'Extra Napkins'),(466,'Extra Napkins'),(30,'Plastic Silverware'),(369,'Extra Napkins'),(416,'Remove Pickles'),(341,'Remove Mustard'),(636,'Extra Onions'),(612,'Remove Pickles'),(69,'Remove Pickles'),(421,'Extra Napkins'),(291,'Extra Onions'),(281,'Plastic Silverware'),(670,'Extra salt'),(536,'Extra Ketchup'),(23,'Remove Mustard'),(142,'Extra salt'),(71,'Remove Mustard'),(212,'Remove Pickles'),(336,'Extra salt'),(444,'Extra Napkins'),(756,'Remove Mustard'),(369,'Extra salt'),(201,'Extra salt'),(239,'Extra Ketchup'),(728,'Extra Ketchup'),(776,'Extra Napkins'),(552,'Extra Onions');
/*!40000 ALTER TABLE `order_specification` ENABLE KEYS */;
UNLOCK TABLES;

--
-- Table structure for table `person`
--

DROP TABLE IF EXISTS `person`;
/*!40101 SET @saved_cs_client     = @@character_set_client */;
/*!50503 SET character_set_client = utf8mb4 */;
CREATE TABLE `person` (
  `personId` int NOT NULL AUTO_INCREMENT,
  `firstName` varchar(60) NOT NULL,
  `lastName` varchar(60) NOT NULL,
  PRIMARY KEY (`personId`)
) ENGINE=InnoDB AUTO_INCREMENT=41 DEFAULT CHARSET=utf8mb4 COLLATE=utf8mb4_0900_ai_ci;
/*!40101 SET character_set_client = @saved_cs_client */;

--
-- Dumping data for table `person`
--

LOCK TABLES `person` WRITE;
/*!40000 ALTER TABLE `person` DISABLE KEYS */;
INSERT INTO `person` VALUES (1,'Jose','Baker'),(2,'Susan','Collins'),(3,'Luis','Lopez'),(4,'Jamie','Fernandez'),(5,'Brian','Woodard'),(6,'Phillip','Garcia'),(7,'Michael','Mann'),(8,'Kayla','Melendez'),(9,'Matthew','Li'),(10,'Lisa','Dawson'),(11,'Timothy','Williams'),(12,'Rachel','Green'),(13,'Wendy','Haynes'),(14,'Megan','Wilkinson'),(15,'Adam','Hamilton'),(16,'Kristin','Smith'),(17,'Theresa','Carlson'),(18,'Douglas','Gibson'),(19,'Derek','Ford'),(20,'Clarence','Brown'),(21,'George','Owens'),(22,'Pamela','Smith'),(23,'Karen','Downs'),(24,'Tracy','Burke'),(25,'Krista','Garcia'),(26,'Wanda','Gomez'),(27,'Micheal','Jones'),(28,'Ronald','Moon'),(29,'Jessica','Hardy'),(30,'Robert','Graham'),(31,'Alicia','Peterson'),(32,'Timothy','Parsons'),(33,'Tyler','Jimenez'),(34,'Charles','Perez'),(35,'Steven','Golden'),(36,'Albert','Mcdonald'),(37,'Joe','Sullivan'),(38,'John','Scott'),(39,'Allison','Dunn'),(40,'Melissa','Reyes');
/*!40000 ALTER TABLE `person` ENABLE KEYS */;
UNLOCK TABLES;

--
-- Table structure for table `reservation`
--

DROP TABLE IF EXISTS `reservation`;
/*!40101 SET @saved_cs_client     = @@character_set_client */;
/*!50503 SET character_set_client = utf8mb4 */;
CREATE TABLE `reservation` (
  `reservationId` int NOT NULL,
  `reservationDate` datetime NOT NULL,
  PRIMARY KEY (`reservationId`),
  CONSTRAINT `reservation_ibfk_1` FOREIGN KEY (`reservationId`) REFERENCES `dining_session` (`sessionId`)
) ENGINE=InnoDB DEFAULT CHARSET=utf8mb4 COLLATE=utf8mb4_0900_ai_ci;
/*!40101 SET character_set_client = @saved_cs_client */;

--
-- Dumping data for table `reservation`
--

LOCK TABLES `reservation` WRITE;
/*!40000 ALTER TABLE `reservation` DISABLE KEYS */;
INSERT INTO `reservation` VALUES (1,'2023-03-02 03:50:13'),(2,'2023-03-07 19:22:33'),(3,'2023-03-02 13:18:26'),(4,'2023-03-07 06:33:44'),(5,'2023-03-06 07:34:33'),(6,'2023-03-19 00:01:46'),(7,'2023-03-11 11:53:11'),(8,'2023-03-09 14:39:19'),(9,'2023-03-16 08:19:44'),(10,'2023-03-10 10:28:55'),(11,'2023-03-15 23:47:03'),(12,'2023-03-22 00:09:53'),(13,'2023-03-01 20:58:44'),(14,'2023-03-26 14:52:35'),(15,'2023-03-18 23:01:09'),(16,'2023-03-10 07:01:45'),(17,'2023-03-03 19:16:12'),(18,'2023-03-03 05:39:45'),(19,'2023-03-04 02:58:14'),(20,'2023-03-25 01:51:23'),(21,'2023-03-12 20:28:11'),(22,'2023-03-27 18:14:27'),(23,'2023-03-07 12:21:26'),(24,'2023-03-07 04:42:39'),(25,'2023-03-01 00:17:34'),(26,'2023-03-15 05:22:39'),(27,'2023-03-17 14:16:53'),(28,'2023-03-13 12:29:06'),(29,'2023-03-15 15:38:38'),(30,'2023-03-12 03:38:31'),(31,'2023-03-25 05:42:03'),(32,'2023-03-21 04:42:14'),(33,'2023-03-06 18:11:24'),(34,'2023-03-21 14:02:28'),(35,'2023-03-11 10:03:24'),(36,'2023-03-11 17:55:59'),(37,'2023-03-07 02:27:42'),(38,'2023-03-26 19:13:20'),(39,'2023-03-27 23:46:45'),(40,'2023-03-27 11:19:53'),(41,'2023-03-27 05:09:58'),(42,'2023-03-26 02:53:40'),(43,'2023-03-02 00:45:04'),(44,'2023-03-07 10:20:28'),(45,'2023-03-15 18:30:14'),(46,'2023-03-24 07:25:28'),(47,'2023-03-16 10:57:34'),(48,'2023-03-14 13:21:17'),(49,'2023-03-02 20:24:26'),(50,'2023-03-19 04:22:54'),(51,'2023-03-15 16:51:48'),(52,'2023-03-17 19:42:49'),(53,'2023-03-21 23:10:01'),(54,'2023-03-04 10:07:02'),(55,'2023-03-04 16:15:56'),(56,'2023-03-14 14:20:57'),(57,'2023-03-16 09:41:59'),(58,'2023-03-25 20:35:44'),(59,'2023-03-25 03:37:38'),(60,'2023-03-21 01:20:04'),(61,'2023-03-19 11:14:24'),(62,'2023-03-14 02:17:08'),(63,'2023-03-07 05:31:48'),(64,'2023-03-04 22:00:07'),(65,'2023-03-03 00:36:41'),(66,'2023-03-05 10:50:47'),(67,'2023-03-11 08:00:18'),(68,'2023-03-19 17:47:38'),(69,'2023-03-17 07:24:07'),(70,'2023-03-10 09:38:12'),(71,'2023-03-10 00:18:29'),(72,'2023-03-19 21:03:18'),(73,'2023-03-04 07:56:52'),(74,'2023-03-09 02:03:46'),(75,'2023-03-05 12:39:14'),(76,'2023-03-17 01:09:54'),(77,'2023-03-25 02:56:51'),(78,'2023-03-22 03:00:54'),(79,'2023-03-20 00:37:33'),(80,'2023-03-22 09:04:28'),(81,'2023-03-03 21:44:20'),(82,'2023-03-16 19:08:06'),(83,'2023-03-11 09:50:56'),(84,'2023-03-26 21:03:12'),(85,'2023-03-21 16:26:55'),(86,'2023-03-01 11:49:30'),(87,'2023-03-12 20:28:56'),(88,'2023-03-14 21:20:22'),(89,'2023-03-25 20:40:50'),(90,'2023-03-27 12:21:24'),(91,'2023-03-13 23:45:38'),(92,'2023-03-04 02:39:06'),(93,'2023-03-23 16:45:59'),(94,'2023-03-14 21:38:03'),(95,'2023-03-06 04:57:26'),(96,'2023-03-09 13:28:12'),(97,'2023-03-23 17:12:02'),(98,'2023-03-10 21:22:51'),(99,'2023-03-08 18:27:18'),(100,'2023-03-26 23:40:32'),(101,'2023-03-25 06:18:30'),(102,'2023-03-17 01:51:22'),(103,'2023-03-13 21:05:32'),(104,'2023-03-05 04:27:57'),(105,'2023-03-19 02:09:07'),(106,'2023-03-12 21:04:00'),(107,'2023-03-13 15:30:04'),(108,'2023-03-09 06:08:33'),(109,'2023-03-08 17:34:05'),(110,'2023-03-06 13:04:29'),(111,'2023-03-24 03:05:42'),(112,'2023-03-05 01:41:14'),(113,'2023-03-14 15:33:47'),(114,'2023-03-18 01:58:21'),(115,'2023-03-25 00:16:03'),(116,'2023-03-15 01:55:45'),(117,'2023-03-06 22:04:45'),(118,'2023-03-06 14:07:12'),(119,'2023-03-19 14:32:19'),(120,'2023-03-25 03:44:48'),(121,'2023-03-23 02:05:17'),(122,'2023-03-15 23:07:47'),(123,'2023-03-13 19:01:23'),(124,'2023-03-21 09:18:30'),(125,'2023-03-27 09:55:35'),(126,'2023-03-18 15:29:59'),(127,'2023-03-10 10:46:10'),(128,'2023-03-11 18:07:47'),(129,'2023-03-05 10:10:42'),(130,'2023-03-14 07:55:16'),(131,'2023-03-10 05:15:06'),(132,'2023-03-01 23:43:51'),(133,'2023-03-16 00:37:07'),(134,'2023-03-08 08:22:26'),(135,'2023-03-02 23:40:54'),(136,'2023-03-15 21:43:53'),(137,'2023-03-25 22:16:52'),(138,'2023-03-25 19:16:29'),(139,'2023-03-20 14:22:42'),(140,'2023-03-22 12:02:02'),(141,'2023-03-25 20:40:17'),(142,'2023-03-14 13:29:35'),(143,'2023-03-07 03:29:13'),(144,'2023-03-20 02:46:36'),(145,'2023-03-08 23:52:08'),(146,'2023-03-24 03:54:24'),(147,'2023-03-09 16:25:04'),(148,'2023-03-12 14:16:00'),(149,'2023-03-14 15:15:30'),(150,'2023-03-27 04:43:10'),(151,'2023-03-08 06:00:23'),(152,'2023-03-14 00:42:16'),(153,'2023-03-12 17:01:16'),(154,'2023-03-05 23:27:57'),(155,'2023-03-05 04:55:23'),(156,'2023-03-10 11:28:19'),(157,'2023-03-22 23:00:25'),(158,'2023-03-25 08:08:44'),(159,'2023-03-14 20:29:15'),(160,'2023-03-06 09:57:26'),(161,'2023-03-25 23:49:10'),(162,'2023-03-01 13:48:14'),(163,'2023-03-06 15:30:02'),(164,'2023-03-22 04:21:02'),(165,'2023-03-01 02:29:28'),(166,'2023-03-08 08:36:18'),(167,'2023-03-17 03:59:57'),(168,'2023-03-01 14:17:47'),(169,'2023-03-04 22:35:22'),(170,'2023-03-15 15:35:55'),(171,'2023-03-22 08:51:29'),(172,'2023-03-16 15:55:32'),(173,'2023-03-01 17:51:48'),(174,'2023-03-21 11:04:31'),(175,'2023-03-09 09:41:59'),(176,'2023-03-08 17:58:20'),(177,'2023-03-22 11:39:53'),(178,'2023-03-19 21:28:06'),(179,'2023-03-12 21:27:09'),(180,'2023-03-07 04:01:10'),(181,'2023-03-27 10:23:13'),(182,'2023-03-07 12:57:47'),(183,'2023-03-26 14:21:50'),(184,'2023-03-26 19:46:21'),(185,'2023-03-08 06:35:25'),(186,'2023-03-22 09:45:10'),(187,'2023-03-03 04:38:19'),(188,'2023-03-19 11:32:13'),(189,'2023-03-15 02:29:13'),(190,'2023-03-13 03:45:12'),(191,'2023-03-18 21:23:53'),(192,'2023-03-26 17:02:31'),(193,'2023-03-10 21:30:25'),(194,'2023-03-02 16:54:01'),(195,'2023-03-11 12:09:47'),(196,'2023-03-05 07:56:29'),(197,'2023-03-04 14:42:29'),(198,'2023-03-09 00:49:46'),(199,'2023-03-09 19:57:13'),(200,'2023-03-07 03:55:16'),(201,'2023-03-09 03:43:58'),(202,'2023-03-23 15:39:59'),(203,'2023-03-05 17:36:39'),(204,'2023-03-18 10:49:21'),(205,'2023-03-25 02:26:01'),(206,'2023-03-07 00:58:52'),(207,'2023-03-13 11:18:04'),(208,'2023-03-11 06:29:22'),(209,'2023-03-20 01:23:04'),(210,'2023-03-06 04:31:08'),(211,'2023-03-21 03:25:18'),(212,'2023-03-22 00:35:53'),(213,'2023-03-08 21:48:48'),(214,'2023-03-20 08:29:56'),(215,'2023-03-25 05:13:40'),(216,'2023-03-07 18:45:29'),(217,'2023-03-07 17:44:14'),(218,'2023-03-25 02:17:31'),(219,'2023-03-09 19:57:58'),(220,'2023-03-06 07:54:10'),(221,'2023-03-12 11:02:50'),(222,'2023-03-23 01:38:21'),(223,'2023-03-23 15:28:20'),(224,'2023-03-26 04:27:38'),(225,'2023-03-01 21:27:00'),(226,'2023-03-19 16:05:21'),(227,'2023-03-08 19:43:00'),(228,'2023-03-24 02:52:06'),(229,'2023-03-02 22:46:17'),(230,'2023-03-21 19:52:33'),(231,'2023-03-07 02:29:26'),(232,'2023-03-05 08:09:03'),(233,'2023-03-02 22:05:43'),(234,'2023-03-09 06:05:06'),(235,'2023-03-16 18:23:10'),(236,'2023-03-07 09:46:35'),(237,'2023-03-20 18:30:36'),(238,'2023-03-24 22:49:03'),(239,'2023-03-14 12:03:46'),(240,'2023-03-27 01:41:16'),(241,'2023-03-04 08:15:22'),(242,'2023-03-05 21:45:39'),(243,'2023-03-24 02:30:22'),(244,'2023-03-24 19:02:06'),(245,'2023-03-01 17:53:23'),(246,'2023-03-14 04:39:53'),(247,'2023-03-01 03:30:58'),(248,'2023-03-27 18:05:15'),(249,'2023-03-06 10:08:06'),(250,'2023-03-09 07:02:09'),(251,'2023-03-22 20:28:56'),(252,'2023-03-09 06:57:01'),(253,'2023-03-03 00:04:37'),(254,'2023-03-12 04:34:39'),(255,'2023-03-05 06:06:46'),(256,'2023-03-05 07:15:34'),(257,'2023-03-16 04:18:03'),(258,'2023-03-19 13:32:35'),(259,'2023-03-16 00:17:32'),(260,'2023-03-18 08:48:04'),(261,'2023-03-17 03:53:58'),(262,'2023-03-12 08:20:21'),(263,'2023-03-24 10:32:48'),(264,'2023-03-13 03:01:22'),(265,'2023-03-21 20:20:17'),(266,'2023-03-14 16:01:46'),(267,'2023-03-25 01:38:47'),(268,'2023-03-10 05:38:31'),(269,'2023-03-18 21:55:59'),(270,'2023-03-11 23:55:01'),(271,'2023-03-13 23:20:33'),(272,'2023-03-21 17:03:22'),(273,'2023-03-10 02:25:26'),(274,'2023-03-05 06:47:11'),(275,'2023-03-08 06:14:01'),(276,'2023-03-06 11:17:02'),(277,'2023-03-26 04:20:43'),(278,'2023-03-24 14:50:18'),(279,'2023-03-23 01:22:20'),(280,'2023-03-03 14:54:31'),(281,'2023-03-27 03:15:48'),(282,'2023-03-13 12:26:17'),(283,'2023-03-22 02:31:56'),(284,'2023-03-11 22:13:04'),(285,'2023-03-13 07:43:40'),(286,'2023-03-13 17:38:53'),(287,'2023-03-22 22:21:50'),(288,'2023-03-12 04:52:32'),(289,'2023-03-10 19:42:54'),(290,'2023-03-17 08:50:20'),(291,'2023-03-11 19:06:54'),(292,'2023-03-11 08:06:23'),(293,'2023-03-13 13:43:29'),(294,'2023-03-06 12:11:14'),(295,'2023-03-23 02:20:25'),(296,'2023-03-19 05:49:09'),(297,'2023-03-25 09:06:16'),(298,'2023-03-01 14:17:19'),(299,'2023-03-18 21:42:32'),(300,'2023-03-26 03:51:26'),(301,'2023-03-23 15:02:02'),(302,'2023-03-21 05:49:09'),(303,'2023-03-18 20:15:48'),(304,'2023-03-15 17:37:04'),(305,'2023-03-22 16:18:12'),(306,'2023-03-04 00:32:19'),(307,'2023-03-01 17:55:41'),(308,'2023-03-14 04:32:17'),(309,'2023-03-11 23:02:41'),(310,'2023-03-12 09:22:27'),(311,'2023-03-01 14:55:14'),(312,'2023-03-20 15:42:12'),(313,'2023-03-14 10:12:48'),(314,'2023-03-07 04:19:57'),(315,'2023-03-22 01:28:57'),(316,'2023-03-07 05:27:35'),(317,'2023-03-06 03:54:47'),(318,'2023-03-10 18:03:32'),(319,'2023-03-25 01:22:04'),(320,'2023-03-26 12:10:05'),(321,'2023-03-20 08:22:53'),(322,'2023-03-11 20:44:06'),(323,'2023-03-20 19:25:21'),(324,'2023-03-10 01:55:42'),(325,'2023-03-21 21:20:10'),(326,'2023-03-15 07:57:53'),(327,'2023-03-27 20:54:03'),(328,'2023-03-12 22:30:07'),(329,'2023-03-18 03:38:13'),(330,'2023-03-01 12:33:53'),(331,'2023-03-15 05:27:39'),(332,'2023-03-05 07:20:55'),(333,'2023-03-03 16:56:01'),(334,'2023-03-26 18:16:47'),(335,'2023-03-05 01:50:43'),(336,'2023-03-16 20:52:36'),(337,'2023-03-16 05:43:59'),(338,'2023-03-11 13:53:52'),(339,'2023-03-16 15:42:53'),(340,'2023-03-12 20:00:16'),(341,'2023-03-21 07:21:28'),(342,'2023-03-14 13:18:22'),(343,'2023-03-03 04:22:39'),(344,'2023-03-04 14:20:50'),(345,'2023-03-27 08:49:05'),(346,'2023-03-10 22:33:07'),(347,'2023-03-19 04:06:27'),(348,'2023-03-04 08:47:19'),(349,'2023-03-01 00:10:28'),(350,'2023-03-15 20:02:31'),(351,'2023-03-20 13:06:02'),(352,'2023-03-03 16:50:59'),(353,'2023-03-24 22:23:24'),(354,'2023-03-12 17:04:18'),(355,'2023-03-27 12:22:35'),(356,'2023-03-10 05:35:16'),(357,'2023-03-16 06:48:25'),(358,'2023-03-26 03:24:31'),(359,'2023-03-18 23:57:39'),(360,'2023-03-20 11:33:07'),(361,'2023-03-03 02:02:10'),(362,'2023-03-03 18:00:36'),(363,'2023-03-16 20:47:19'),(364,'2023-03-19 18:34:26'),(365,'2023-03-17 07:33:07'),(366,'2023-03-25 03:47:33'),(367,'2023-03-02 05:07:35'),(368,'2023-03-13 03:44:20'),(369,'2023-03-20 15:00:45'),(370,'2023-03-10 03:49:08'),(371,'2023-03-16 09:30:31'),(372,'2023-03-22 11:24:25'),(373,'2023-03-03 14:07:14'),(374,'2023-03-22 23:26:27'),(375,'2023-03-25 11:46:41'),(376,'2023-03-21 07:04:40'),(377,'2023-03-20 06:32:07'),(378,'2023-03-14 09:58:03'),(379,'2023-03-15 15:58:24'),(380,'2023-03-19 04:53:56'),(381,'2023-03-15 18:44:08'),(382,'2023-03-13 11:11:06'),(383,'2023-03-11 17:02:13'),(384,'2023-03-16 15:05:03'),(385,'2023-03-24 02:17:59'),(386,'2023-03-04 11:38:22'),(387,'2023-03-03 06:31:15'),(388,'2023-03-19 06:25:47'),(389,'2023-03-07 04:45:58'),(390,'2023-03-16 13:36:06'),(391,'2023-03-11 08:12:37'),(392,'2023-03-04 14:05:43'),(393,'2023-03-10 06:00:34'),(394,'2023-03-25 23:20:42'),(395,'2023-03-27 23:07:28'),(396,'2023-03-06 19:58:41'),(397,'2023-03-27 07:14:50'),(398,'2023-03-15 20:22:08'),(399,'2023-03-04 14:04:53'),(400,'2023-03-01 21:35:59'),(401,'2023-03-20 12:34:32'),(402,'2023-03-25 20:53:16'),(403,'2023-03-13 19:11:49'),(404,'2023-03-26 20:44:47'),(405,'2023-03-09 09:14:51'),(406,'2023-03-19 10:22:47'),(407,'2023-03-01 02:24:37'),(408,'2023-03-25 21:20:11'),(409,'2023-03-11 17:51:03'),(410,'2023-03-24 19:13:42'),(411,'2023-03-13 21:02:10'),(412,'2023-03-24 13:37:45'),(413,'2023-03-04 03:14:51'),(414,'2023-03-02 09:13:48'),(415,'2023-03-25 13:29:38'),(416,'2023-03-03 23:15:22'),(417,'2023-03-23 21:02:24'),(418,'2023-03-14 20:19:32'),(419,'2023-03-07 07:08:03'),(420,'2023-03-14 23:44:51'),(421,'2023-03-10 00:41:11'),(422,'2023-03-07 09:03:49'),(423,'2023-03-21 12:10:49'),(424,'2023-03-01 18:31:18'),(425,'2023-03-11 19:56:59'),(426,'2023-03-13 06:59:13'),(427,'2023-03-10 17:17:27'),(428,'2023-03-21 22:56:41'),(429,'2023-03-01 05:06:03'),(430,'2023-03-16 06:37:18'),(431,'2023-03-26 13:56:42'),(432,'2023-03-21 07:51:43'),(433,'2023-03-11 11:24:12'),(434,'2023-03-07 13:11:47'),(435,'2023-03-08 14:01:23'),(436,'2023-03-20 17:26:53'),(437,'2023-03-17 08:28:59'),(438,'2023-03-23 07:54:33'),(439,'2023-03-06 11:51:00'),(440,'2023-03-08 15:39:22'),(441,'2023-03-10 04:14:57'),(442,'2023-03-11 17:39:47'),(443,'2023-03-19 14:59:32'),(444,'2023-03-05 02:20:53'),(445,'2023-03-23 13:06:52'),(446,'2023-03-25 21:45:37'),(447,'2023-03-15 13:39:34'),(448,'2023-03-21 07:50:39'),(449,'2023-03-12 00:29:58'),(450,'2023-03-11 06:10:58'),(451,'2023-03-11 11:03:40'),(452,'2023-03-06 02:00:16'),(453,'2023-03-02 23:10:54'),(454,'2023-03-21 22:49:27'),(455,'2023-03-23 19:39:04'),(456,'2023-03-25 04:34:52'),(457,'2023-03-11 08:31:57'),(458,'2023-03-21 21:17:41'),(459,'2023-03-15 09:17:43'),(460,'2023-03-07 20:36:23'),(461,'2023-03-24 07:29:45'),(462,'2023-03-01 22:12:51'),(463,'2023-03-23 16:34:37'),(464,'2023-03-16 08:35:49'),(465,'2023-03-26 06:44:19'),(466,'2023-03-14 06:18:22'),(467,'2023-03-10 01:59:04'),(468,'2023-03-24 01:49:17'),(469,'2023-03-07 16:23:54'),(470,'2023-03-07 05:50:48'),(471,'2023-03-08 08:25:27'),(472,'2023-03-16 20:44:52'),(473,'2023-03-15 17:20:16'),(474,'2023-03-20 07:03:26'),(475,'2023-03-10 18:45:47'),(476,'2023-03-14 22:18:27'),(477,'2023-03-22 12:41:44'),(478,'2023-03-01 02:10:58'),(479,'2023-03-21 02:56:14'),(480,'2023-03-02 10:46:19'),(481,'2023-03-05 09:51:09'),(482,'2023-03-17 10:44:11'),(483,'2023-03-01 16:36:39'),(484,'2023-03-18 14:47:26'),(485,'2023-03-11 06:48:56'),(486,'2023-03-14 08:16:08'),(487,'2023-03-06 20:57:53'),(488,'2023-03-23 21:54:09'),(489,'2023-03-03 07:01:47'),(490,'2023-03-06 03:13:08'),(491,'2023-03-15 07:00:06'),(492,'2023-03-09 01:25:01'),(493,'2023-03-09 07:40:51'),(494,'2023-03-15 06:01:56'),(495,'2023-03-13 05:01:00'),(496,'2023-03-03 23:06:31'),(497,'2023-03-20 03:20:27'),(498,'2023-03-21 01:54:26'),(499,'2023-03-13 00:16:52'),(500,'2023-03-16 11:19:20'),(501,'2023-03-10 19:47:18'),(502,'2023-03-02 10:13:14'),(503,'2023-03-19 12:13:46'),(504,'2023-03-20 04:59:28'),(505,'2023-03-14 16:38:20'),(506,'2023-03-05 21:21:37'),(507,'2023-03-10 21:34:31'),(508,'2023-03-07 05:17:06'),(509,'2023-03-01 13:27:26'),(510,'2023-03-07 00:06:36'),(511,'2023-03-04 03:45:38'),(512,'2023-03-02 03:53:48'),(513,'2023-03-25 03:31:16'),(514,'2023-03-13 06:05:45'),(515,'2023-03-20 20:41:32'),(516,'2023-03-17 00:43:11'),(517,'2023-03-05 06:39:41'),(518,'2023-03-20 07:30:52'),(519,'2023-03-16 10:15:46'),(520,'2023-03-08 00:14:02'),(521,'2023-03-16 15:10:46'),(522,'2023-03-27 06:24:42'),(523,'2023-03-26 15:57:23'),(524,'2023-03-01 08:20:10'),(525,'2023-03-10 08:40:55'),(526,'2023-03-09 08:45:03'),(527,'2023-03-11 20:54:41'),(528,'2023-03-23 18:21:53'),(529,'2023-03-06 10:45:50'),(530,'2023-03-26 02:59:18'),(531,'2023-03-18 13:52:47'),(532,'2023-03-16 04:04:56'),(533,'2023-03-06 17:22:35'),(534,'2023-03-13 16:25:25'),(535,'2023-03-23 15:57:30'),(536,'2023-03-16 19:00:58'),(537,'2023-03-04 10:42:14'),(538,'2023-03-02 09:30:33'),(539,'2023-03-04 13:46:56'),(540,'2023-03-12 08:26:18'),(541,'2023-03-04 22:19:13'),(542,'2023-03-22 14:11:16'),(543,'2023-03-05 14:49:42'),(544,'2023-03-06 12:19:57'),(545,'2023-03-16 05:07:25'),(546,'2023-03-22 14:27:40'),(547,'2023-03-10 00:39:01'),(548,'2023-03-14 21:51:43'),(549,'2023-03-22 03:59:26'),(550,'2023-03-27 13:41:55'),(551,'2023-03-10 23:31:55'),(552,'2023-03-12 06:08:16'),(553,'2023-03-04 14:30:58'),(554,'2023-03-25 06:10:13'),(555,'2023-03-22 13:39:12'),(556,'2023-03-02 13:58:58'),(557,'2023-03-27 03:45:02'),(558,'2023-03-10 20:29:54'),(559,'2023-03-15 21:22:49'),(560,'2023-03-14 07:23:42'),(561,'2023-03-22 16:05:48'),(562,'2023-03-27 20:14:39'),(563,'2023-03-25 20:56:32'),(564,'2023-03-17 12:33:22'),(565,'2023-03-20 14:06:41'),(566,'2023-03-25 06:31:53'),(567,'2023-03-20 23:38:02'),(568,'2023-03-17 08:29:06'),(569,'2023-03-02 15:06:30'),(570,'2023-03-05 16:28:21'),(571,'2023-03-13 10:00:43'),(572,'2023-03-07 20:29:02'),(573,'2023-03-24 13:12:27'),(574,'2023-03-10 05:48:03'),(575,'2023-03-23 01:45:16'),(576,'2023-03-20 05:58:08'),(577,'2023-03-25 02:27:30'),(578,'2023-03-15 08:40:33'),(579,'2023-03-09 09:47:15'),(580,'2023-03-20 14:46:45'),(581,'2023-03-16 00:27:09'),(582,'2023-03-14 03:57:46'),(583,'2023-03-01 15:30:06'),(584,'2023-03-19 13:56:27'),(585,'2023-03-15 09:03:16'),(586,'2023-03-01 14:46:51'),(587,'2023-03-22 07:10:50'),(588,'2023-03-26 20:55:29'),(589,'2023-03-03 06:08:09'),(590,'2023-03-21 16:12:38'),(591,'2023-03-21 14:25:53'),(592,'2023-03-26 20:40:23'),(593,'2023-03-12 19:39:20'),(594,'2023-03-25 13:33:51'),(595,'2023-03-27 12:38:29'),(596,'2023-03-09 11:51:01'),(597,'2023-03-06 15:48:22'),(598,'2023-03-14 00:19:44'),(599,'2023-03-20 11:25:24'),(600,'2023-03-10 22:44:15'),(601,'2023-03-13 00:34:39'),(602,'2023-03-19 03:32:03'),(603,'2023-03-07 19:56:53'),(604,'2023-03-26 05:30:08'),(605,'2023-03-07 10:09:24'),(606,'2023-03-09 17:41:07'),(607,'2023-03-03 00:12:13'),(608,'2023-03-21 02:18:42'),(609,'2023-03-07 15:37:04'),(610,'2023-03-07 19:54:04'),(611,'2023-03-07 06:33:34'),(612,'2023-03-06 10:21:25'),(613,'2023-03-19 02:46:29'),(614,'2023-03-03 09:42:30'),(615,'2023-03-07 02:39:16'),(616,'2023-03-05 02:22:58'),(617,'2023-03-02 01:11:29'),(618,'2023-03-21 11:10:41'),(619,'2023-03-24 09:27:10'),(620,'2023-03-24 00:47:20'),(621,'2023-03-22 01:52:55'),(622,'2023-03-17 06:07:19'),(623,'2023-03-13 01:08:55'),(624,'2023-03-26 12:48:58'),(625,'2023-03-21 08:47:55'),(626,'2023-03-06 17:24:42'),(627,'2023-03-17 00:52:01'),(628,'2023-03-08 03:02:45'),(629,'2023-03-11 17:23:33'),(630,'2023-03-21 03:09:05'),(631,'2023-03-18 06:27:43'),(632,'2023-03-09 08:05:00'),(633,'2023-03-10 19:39:00'),(634,'2023-03-05 17:50:02'),(635,'2023-03-15 19:54:58'),(636,'2023-03-12 15:31:41'),(637,'2023-03-08 23:59:28'),(638,'2023-03-25 14:00:01'),(639,'2023-03-06 22:33:06');
/*!40000 ALTER TABLE `reservation` ENABLE KEYS */;
UNLOCK TABLES;

--
-- Table structure for table `vendor`
--

DROP TABLE IF EXISTS `vendor`;
/*!40101 SET @saved_cs_client     = @@character_set_client */;
/*!50503 SET character_set_client = utf8mb4 */;
CREATE TABLE `vendor` (
  `vendorId` int NOT NULL AUTO_INCREMENT,
  `name` varchar(60) NOT NULL,
  `address` varchar(60) NOT NULL,
  `contactPerson` varchar(60) NOT NULL,
  PRIMARY KEY (`vendorId`)
) ENGINE=InnoDB AUTO_INCREMENT=20 DEFAULT CHARSET=utf8mb4 COLLATE=utf8mb4_0900_ai_ci;
/*!40101 SET character_set_client = @saved_cs_client */;

--
-- Dumping data for table `vendor`
--

LOCK TABLES `vendor` WRITE;
/*!40000 ALTER TABLE `vendor` DISABLE KEYS */;
INSERT INTO `vendor` VALUES (1,'Willis PLC','2461 Nicole Skyway Suite 216\nDerrickborough, IL 59115','Stephanie Taylor'),(2,'Gray PLC','94682 Mcdonald Stravenue\nLake Erica, NE 77260','Erica Long'),(3,'Black Ltd','48691 Rachel Burgs Apt. 538\nEast Ashley, MS 33774','Mario Patrick'),(4,'Foster, Peterson and Davis','42626 Blair Views Apt. 556\nCartershire, CO 25262','Alejandro Gross'),(5,'Anderson-Jenkins','862 Roberts Green\nPort Kennethburgh, DC 34273','Briana Lewis'),(6,'Malone, Mckinney and Alvarez','231 Christine Tunnel\nWest Christopherville, NY 88130','Lance Moore'),(7,'Smith, Haynes and Barnes','908 Sexton Spur Suite 023\nRuizbury, ND 85124','Raymond Merritt'),(8,'Erickson, Cole and Smith','44690 Ashley Walks Suite 113\nPort Julie, OR 97486','Amber Jensen DVM'),(9,'Black, Turner and Brown','221 Christopher Points Apt. 036\nSouth Susanton, AK 41770','Melanie Schroeder'),(10,'Williams LLC','2701 Savannah Unions Apt. 170\nPort Jerryshire, OK 83905','Michael Krause'),(11,'Williams, Scott and Hale','987 Susan Tunnel\nWest Jeffreymouth, MS 89217','Brittany Padilla'),(12,'Francis, Nguyen and Smith','4656 Christine Pass Apt. 891\nNew Crystalbury, AR 32842','Jonathan Gordon'),(13,'Miller-Rodriguez','360 Jay Bypass Suite 322\nJoycehaven, KY 24478','Anita Henderson'),(14,'Henry LLC','5600 Ernest Flat\nLake Brian, WI 39717','Brandon Bender'),(15,'Rollins, Schneider and Martin','19563 William Extension Suite 427\nJasonfort, MD 88417','Stanley King'),(16,'Walker-Livingston','384 Campbell Grove\nEast Michelle, DE 91819','Ashley Cortez MD'),(17,'Sanchez Group','057 Andrew Grove\nAlexanderview, ME 55716','Michael Ramirez'),(18,'Moon, Lozano and Williams','55437 Amy Spurs Suite 730\nNeilton, ND 98582','Christina Reeves'),(19,'Stevens, Miller and Johnson','966 Cannon Curve\nRobertchester, CT 06187','Patrick Carter');
/*!40000 ALTER TABLE `vendor` ENABLE KEYS */;
UNLOCK TABLES;

--
-- Table structure for table `vendor_order`
--

DROP TABLE IF EXISTS `vendor_order`;
/*!40101 SET @saved_cs_client     = @@character_set_client */;
/*!50503 SET character_set_client = utf8mb4 */;
CREATE TABLE `vendor_order` (
  `vendorOrderId` int NOT NULL AUTO_INCREMENT,
  `chefId` int NOT NULL,
  `vendorId` int NOT NULL,
  `orderDate` date DEFAULT NULL,
  PRIMARY KEY (`vendorOrderId`),
  KEY `chefId` (`chefId`),
  KEY `vendorId` (`vendorId`),
  CONSTRAINT `vendor_order_ibfk_1` FOREIGN KEY (`chefId`) REFERENCES `chef` (`chefId`),
  CONSTRAINT `vendor_order_ibfk_2` FOREIGN KEY (`vendorId`) REFERENCES `vendor` (`vendorId`)
) ENGINE=InnoDB AUTO_INCREMENT=40 DEFAULT CHARSET=utf8mb4 COLLATE=utf8mb4_0900_ai_ci;
/*!40101 SET character_set_client = @saved_cs_client */;

--
-- Dumping data for table `vendor_order`
--

LOCK TABLES `vendor_order` WRITE;
/*!40000 ALTER TABLE `vendor_order` DISABLE KEYS */;
INSERT INTO `vendor_order` VALUES (1,30,12,'2023-03-13'),(2,31,4,'2023-03-23'),(3,30,19,'2023-03-17'),(4,31,8,'2023-03-17'),(5,31,16,'2023-03-21'),(6,30,19,'2023-03-23'),(7,31,10,'2023-03-15'),(8,30,14,'2023-03-29'),(9,31,10,'2023-03-13'),(10,31,17,'2023-03-06'),(11,30,8,'2023-03-30'),(12,30,11,'2023-03-03'),(13,31,4,'2023-03-11'),(14,30,17,'2023-03-14'),(15,29,14,'2023-03-30'),(16,31,2,'2023-03-25'),(17,29,9,'2023-03-29'),(18,31,19,'2023-03-27'),(19,30,9,'2023-03-08'),(20,31,16,'2023-03-23'),(21,30,14,'2023-03-05'),(22,30,3,'2023-03-30'),(23,29,1,'2023-03-20'),(24,30,12,'2023-03-07'),(25,29,8,'2023-03-04'),(26,29,9,'2023-03-23'),(27,31,16,'2023-03-01'),(28,29,6,'2023-03-12'),(29,29,17,'2023-03-30'),(30,31,6,'2023-03-12'),(31,29,4,'2023-03-04'),(32,30,14,'2023-03-07'),(33,30,8,'2023-03-17'),(34,31,19,'2023-03-22'),(35,29,8,'2023-03-13'),(36,31,2,'2023-03-27'),(37,31,14,'2023-03-21'),(38,31,5,'2023-03-04'),(39,30,13,'2023-03-17');
/*!40000 ALTER TABLE `vendor_order` ENABLE KEYS */;
UNLOCK TABLES;

--
-- Table structure for table `vendor_order_line`
--

DROP TABLE IF EXISTS `vendor_order_line`;
/*!40101 SET @saved_cs_client     = @@character_set_client */;
/*!50503 SET character_set_client = utf8mb4 */;
CREATE TABLE `vendor_order_line` (
  `vendorOrderLineId` int NOT NULL AUTO_INCREMENT,
  `ingredientId` int NOT NULL,
  `warehouseId` int NOT NULL,
  `shippingMode` varchar(20) NOT NULL,
  `expirationDate` date NOT NULL,
  `quantity` int NOT NULL,
  `price` double(9,2) NOT NULL,
  PRIMARY KEY (`vendorOrderLineId`),
  KEY `ingredientId` (`ingredientId`),
  KEY `warehouseId` (`warehouseId`),
  CONSTRAINT `vendor_order_line_ibfk_2` FOREIGN KEY (`ingredientId`) REFERENCES `ingredient` (`ingredientId`),
  CONSTRAINT `vendor_order_line_ibfk_3` FOREIGN KEY (`warehouseId`) REFERENCES `warehouse` (`warehouseId`)
) ENGINE=InnoDB AUTO_INCREMENT=40 DEFAULT CHARSET=utf8mb4 COLLATE=utf8mb4_0900_ai_ci;
/*!40101 SET character_set_client = @saved_cs_client */;

--
-- Dumping data for table `vendor_order_line`
--

LOCK TABLES `vendor_order_line` WRITE;
/*!40000 ALTER TABLE `vendor_order_line` DISABLE KEYS */;
INSERT INTO `vendor_order_line` VALUES (1,63,1,'Air','2023-07-14',207,433.00),(2,59,2,'Ground','2023-07-14',183,463.00),(3,24,2,'Ground','2023-07-13',151,81.00),(4,57,2,'Air','2023-07-15',182,77.00),(5,57,2,'Ground','2023-06-19',139,84.00),(6,13,1,'Ground','2023-06-15',189,118.00),(7,36,1,'Ground','2023-07-18',170,74.00),(8,23,1,'Ground','2023-07-27',212,147.00),(9,39,2,'Air','2023-06-29',217,147.00),(10,9,1,'Ground','2023-06-22',212,306.00),(11,5,1,'Air','2023-07-09',159,357.00),(12,22,1,'Ground','2023-07-08',225,406.00),(13,52,1,'Ground','2023-07-01',134,348.00),(14,28,1,'Ground','2023-06-05',88,79.00),(15,57,1,'Air','2023-07-01',176,351.00),(16,39,1,'Air','2023-06-09',230,255.00),(17,59,1,'Ground','2023-06-12',81,29.00),(18,57,1,'Ground','2023-06-06',119,184.00),(19,8,2,'Ground','2023-06-25',208,317.00),(20,58,2,'Air','2023-06-15',122,466.00),(21,21,1,'Air','2023-07-31',157,184.00),(22,36,2,'Ground','2023-06-24',250,52.00),(23,54,1,'Ground','2023-06-25',116,138.00),(24,7,1,'Air','2023-07-23',107,305.00),(25,47,1,'Ground','2023-06-09',140,76.00),(26,25,1,'Air','2023-06-05',81,351.00),(27,7,1,'Air','2023-06-15',176,75.00),(28,60,2,'Air','2023-07-18',150,296.00),(29,1,2,'Ground','2023-07-11',115,185.00),(30,36,2,'Air','2023-07-21',244,120.00),(31,22,2,'Air','2023-06-01',157,306.00),(32,8,2,'Ground','2023-07-02',81,76.00),(33,15,2,'Ground','2023-06-19',137,363.00),(34,30,1,'Air','2023-06-08',91,129.00),(35,11,2,'Ground','2023-06-09',242,193.00),(36,32,1,'Ground','2023-07-03',208,391.00),(37,15,2,'Ground','2023-07-07',110,11.00),(38,44,1,'Ground','2023-06-09',206,114.00),(39,3,1,'Air','2023-07-27',204,171.00);
/*!40000 ALTER TABLE `vendor_order_line` ENABLE KEYS */;
UNLOCK TABLES;

--
-- Table structure for table `waiter`
--

DROP TABLE IF EXISTS `waiter`;
/*!40101 SET @saved_cs_client     = @@character_set_client */;
/*!50503 SET character_set_client = utf8mb4 */;
CREATE TABLE `waiter` (
  `waiterId` int NOT NULL,
  `shift` varchar(21) NOT NULL,
  PRIMARY KEY (`waiterId`),
  CONSTRAINT `waiter_ibfk_1` FOREIGN KEY (`waiterId`) REFERENCES `employee` (`employeeId`)
) ENGINE=InnoDB DEFAULT CHARSET=utf8mb4 COLLATE=utf8mb4_0900_ai_ci;
/*!40101 SET character_set_client = @saved_cs_client */;

--
-- Dumping data for table `waiter`
--

LOCK TABLES `waiter` WRITE;
/*!40000 ALTER TABLE `waiter` DISABLE KEYS */;
INSERT INTO `waiter` VALUES (32,'morning'),(33,'evening'),(34,'morning'),(35,'evening'),(36,'evening'),(37,'morning'),(38,'morning'),(39,'morning'),(40,'afternoon');
/*!40000 ALTER TABLE `waiter` ENABLE KEYS */;
UNLOCK TABLES;

--
-- Table structure for table `walkin`
--

DROP TABLE IF EXISTS `walkin`;
/*!40101 SET @saved_cs_client     = @@character_set_client */;
/*!50503 SET character_set_client = utf8mb4 */;
CREATE TABLE `walkin` (
  `walkinId` int NOT NULL,
  `priority` int NOT NULL,
  KEY `sessionId` (`walkinId`),
  CONSTRAINT `walkin_ibfk_1` FOREIGN KEY (`walkinId`) REFERENCES `dining_session` (`sessionId`)
) ENGINE=InnoDB DEFAULT CHARSET=utf8mb4 COLLATE=utf8mb4_0900_ai_ci;
/*!40101 SET character_set_client = @saved_cs_client */;

--
-- Dumping data for table `walkin`
--

LOCK TABLES `walkin` WRITE;
/*!40000 ALTER TABLE `walkin` DISABLE KEYS */;
INSERT INTO `walkin` VALUES (640,4),(641,1),(642,2),(643,5),(644,2),(645,5),(646,4),(647,5),(648,1),(649,4),(650,2),(651,5),(652,2),(653,5),(654,3),(655,3),(656,1),(657,2),(658,2),(659,4),(660,4),(661,2),(662,2),(663,1),(664,4),(665,5),(666,4),(667,5),(668,5),(669,4),(670,1),(671,4),(672,3),(673,3),(674,1),(675,3),(676,4),(677,5),(678,3),(679,1),(680,4),(681,1),(682,5),(683,5),(684,5),(685,1),(686,3),(687,4),(688,4),(689,4),(690,3),(691,3),(692,5),(693,4),(694,4),(695,1),(696,2),(697,2),(698,5),(699,3),(700,4),(701,5),(702,2),(703,3),(704,2),(705,1),(706,4),(707,2),(708,1),(709,4),(710,4),(711,4),(712,3),(713,3),(714,5),(715,3),(716,4),(717,3),(718,4),(719,4),(720,3),(721,2),(722,2),(723,3),(724,1),(725,1),(726,4),(727,4),(728,3),(729,4),(730,4),(731,5),(732,1),(733,1),(734,4),(735,1),(736,1),(737,1),(738,5),(739,4),(740,2),(741,5),(742,5),(743,4),(744,1),(745,2),(746,1),(747,5),(748,5),(749,5),(750,5),(751,3),(752,4),(753,3),(754,2),(755,3),(756,1),(757,3),(758,2),(759,3),(760,1),(761,3),(762,1),(763,2),(764,5),(765,1),(766,3),(767,1),(768,4),(769,4),(770,3),(771,3),(772,1),(773,3),(774,4),(775,2),(776,1),(777,4),(778,3),(779,3),(780,3),(781,3),(782,3),(783,2),(784,3),(785,4),(786,1),(787,4),(788,5),(789,2),(790,3),(791,1),(792,1),(793,4),(794,1),(795,5),(796,2),(797,3),(798,3),(799,4),(800,4),(801,5),(802,5),(803,2),(804,1),(805,5),(806,2),(807,5),(808,1),(809,2),(810,4),(811,5),(812,1);
/*!40000 ALTER TABLE `walkin` ENABLE KEYS */;
UNLOCK TABLES;

--
-- Table structure for table `warehouse`
--

DROP TABLE IF EXISTS `warehouse`;
/*!40101 SET @saved_cs_client     = @@character_set_client */;
/*!50503 SET character_set_client = utf8mb4 */;
CREATE TABLE `warehouse` (
  `warehouseId` int NOT NULL AUTO_INCREMENT,
  `location` varchar(60) NOT NULL,
  PRIMARY KEY (`warehouseId`)
) ENGINE=InnoDB AUTO_INCREMENT=3 DEFAULT CHARSET=utf8mb4 COLLATE=utf8mb4_0900_ai_ci;
/*!40101 SET character_set_client = @saved_cs_client */;

--
-- Dumping data for table `warehouse`
--

LOCK TABLES `warehouse` WRITE;
/*!40000 ALTER TABLE `warehouse` DISABLE KEYS */;
INSERT INTO `warehouse` VALUES (1,'Restaurant'),(2,'Storage');
/*!40000 ALTER TABLE `warehouse` ENABLE KEYS */;
UNLOCK TABLES;
/*!40103 SET TIME_ZONE=@OLD_TIME_ZONE */;

/*!40101 SET SQL_MODE=@OLD_SQL_MODE */;
/*!40014 SET FOREIGN_KEY_CHECKS=@OLD_FOREIGN_KEY_CHECKS */;
/*!40014 SET UNIQUE_CHECKS=@OLD_UNIQUE_CHECKS */;
/*!40101 SET CHARACTER_SET_CLIENT=@OLD_CHARACTER_SET_CLIENT */;
/*!40101 SET CHARACTER_SET_RESULTS=@OLD_CHARACTER_SET_RESULTS */;
/*!40101 SET COLLATION_CONNECTION=@OLD_COLLATION_CONNECTION */;
/*!40111 SET SQL_NOTES=@OLD_SQL_NOTES */;

-- Dump completed on 2023-05-08 17:26:42
